,,,,,Games,,Receiving,,,,,,,,,,,Rushing,,,,,,,,Total Yds,,,,
Rk,Player,Tm,Age,Pos,G,GS,Tgt,Rec,Yds,Y/R,TD,1D,Lng,R/G,Y/G,Ctch%,Y/Tgt,Att,Yds,TD,1D,Lng,Y/A,Y/G,A/G,Touch,Y/Tch,YScm,RRTD,Fmb
1,Tyreek Hill,MIA,28,WR,9,9,11.1,8.44,122.7,14.5,0.33,5.33,64,8.4,122.7,76.0%,11,0.56,2.78,0,0.22,10,5,2.8,0.6,9,13.9,125.4,3,0.11
2,Derrick Henry,TEN,28,RB,8,8,2.25,1.75,17.5,10,0,0.5,24,1.8,17.5,77.8%,7.8,22.9,108.8,1.13,5,56,4.8,108.8,22.9,24.6,5.1,126.3,9,0.13
3,Saquon Barkley,NYG,25,RB,8,8,4.38,3.5,23.6,6.8,0,0.5,41,3.5,23.6,80.0%,5.4,20.4,97.4,0.63,4,68,4.8,97.4,20.4,23.9,5.1,121,5,0.13
4,Josh Jacobs,LVR,24,RB,8,8,3.63,3.13,21.5,6.9,0,1.13,16,3.1,21.5,86.2%,5.9,17.3,92.9,0.75,5.38,43,5.4,92.9,17.3,20.4,5.6,114.4,6,0.13
5,Nick Chubb,CLE,27,RB,8,8,1.88,1.25,8.75,7,0,0.5,15,1.3,8.8,66.7%,4.7,18.6,105.1,1.25,4.88,41,5.6,105.1,18.6,19.9,5.7,113.9,10,0
6,Christian McCaffrey,2TM,26,,8,7,6.75,5.38,44.5,8.3,0.25,2,49,5.4,44.5,79.6%,6.6,13.9,65.6,0.38,3.38,49,4.7,65.6,13.9,19.3,5.7,110.1,5,0.13
7,Justin Jefferson,MIN,23,WR,8,8,10.5,7.38,108.4,14.7,0.38,4.38,64,7.4,108.4,70.2%,10.3,0.25,1.63,0.13,0.25,10,6.5,1.6,0.3,7.63,14.4,110,4,0
8,Cooper Kupp,LAR,29,WR,8,8,11.6,9,101.6,11.3,0.75,5.25,75,9,101.6,77.4%,8.7,1.13,6.5,0.13,0.5,20,5.8,6.5,1.1,10.1,10.7,108.1,7,0.25
9,Stefon Diggs,BUF,29,WR,8,8,10.4,7.5,107.1,14.3,0.88,4.88,53,7.5,107.1,72.3%,10.3,,,,0,,,,,7.5,14.3,107.1,7,0.13
10,Joe Mixon,CIN,26,RB,9,9,5.56,4.22,30.2,7.2,0.22,1.22,35,4.2,30.2,76.0%,5.4,16.8,65,0.67,3.89,31,3.9,65,16.8,21,4.5,95.2,8,0
11,Travis Etienne,JAX,23,RB,9,4,3.11,2.11,19.3,9.2,0,1,23,2.1,19.3,67.9%,6.2,13.3,75.6,0.44,3.78,49,5.7,75.6,13.3,15.4,6.1,94.9,4,0.33
12,Rhamondre Stevenson,NWE,24,RB,9,3,4.78,3.89,25.2,6.5,0.11,1,22,3.9,25.2,81.4%,5.3,14.3,68.7,0.44,3.56,49,4.8,68.7,14.3,18.2,5.2,93.9,5,0
13,Jaylen Waddle,MIA,24,WR,9,9,7.78,5.22,90.2,17.3,0.67,4.22,59,5.2,90.2,67.1%,11.6,0.22,1.89,0,0,9,8.5,1.9,0.2,5.44,16.9,92.1,6,0.11
14,Aaron Jones,GNB,28,RB,9,9,4.44,3.56,23.3,6.6,0.33,1.22,22,3.6,23.3,80.0%,5.3,11.9,66.7,0.11,3.56,36,5.6,66.7,11.9,15.4,5.8,90,4,0.11
15,Austin Ekeler,LAC,27,RB,8,8,8.63,7.5,47.6,6.4,0.5,2.88,23,7.5,47.6,87.0%,5.5,12.3,53.4,0.75,2.38,71,4.4,53.4,12.3,19.8,5.1,101,10,0.38
16,Dameon Pierce,HOU,22,RB,8,8,3,2.5,12.3,4.9,0.13,0.5,12,2.5,12.3,83.3%,4.1,18.5,84.8,0.38,5,75,4.6,84.8,18.5,21,4.6,97,4,0.25
17,Alvin Kamara,NOR,27,RB,7,6,7,5.14,45.6,8.9,0.29,1.57,54,5.1,45.6,73.5%,6.5,14.9,63.3,0.14,3,27,4.3,63.3,14.9,20,5.4,108.9,3,0.29
18,Dalvin Cook,MIN,27,RB,8,8,3.5,2.38,14.9,6.3,0.13,1,23,2.4,14.9,67.9%,4.3,16.4,76,0.63,3.63,53,4.6,76,16.4,18.8,4.8,90.9,6,0.13
19,Leonard Fournette,TAM,27,RB,9,9,5.44,4.67,34.9,7.5,0.33,1.67,25,4.7,34.9,85.7%,6.4,13.4,45,0.22,2.67,17,3.3,45,13.4,18.1,4.4,79.9,5,0
20,A.J. Brown,PHI,25,WR,8,7,8.63,5.38,89.8,16.7,0.75,3.75,54,5.4,89.8,62.3%,10.4,,,,0,,,,,5.38,16.7,89.8,6,0
21,Miles Sanders,PHI,25,RB,8,8,1.63,1.38,5.25,3.8,0,0.13,16,1.4,5.3,84.6%,3.2,16.4,82,0.75,4.13,35,5,82,16.4,17.8,4.9,87.3,6,0
22,Breece Hall,NYJ,21,RB,7,2,4.43,2.71,31.1,11.5,0.14,1.14,79,2.7,31.1,61.3%,7,11.4,66.1,0.57,2.86,62,5.8,66.1,11.4,14.1,6.9,97.3,5,0.14
23,Travis Kelce,KAN,33,TE,8,8,9.63,7.13,82.4,11.6,0.88,5.38,35,7.1,82.4,74.0%,8.6,0.25,0.63,0,0.13,4,2.5,0.6,0.3,7.38,11.3,83,7,0
24,Davante Adams,LVR,30,WR,8,8,10.6,6,82.3,13.7,0.88,3.75,58,6,82.3,56.5%,7.7,0.38,-0.13,0,0,4,-0.3,-0.1,0.4,6.38,12.9,82.1,7,0.13
25,Khalil Herbert,CHI,24,RB,9,1,0.78,0.67,6.89,10.3,0.11,0.22,25,0.7,6.9,85.7%,8.9,10.9,65.1,0.44,2.22,63,6,65.1,10.9,11.6,6.2,72,5,0
26,Lamar Jackson,BAL,25,QB,9,9,0,0,0,,0,0,0,0,0,0.0%,,9.56,70.6,0.22,4.22,79,7.4,70.6,9.6,9.56,7.4,70.6,2,0.44
27,Jeff Wilson,2TM,27,,9,6,1.78,1.44,12.4,8.6,0.11,0.44,16,1.4,12.4,81.3%,7,11.2,57.7,0.22,2.56,41,5.1,57.7,11.2,12.7,5.5,70.1,3,0.22
28,Tony Pollard,DAL,25,RB,8,2,2.38,1.5,15.1,10.1,0,0.63,46,1.5,15.1,63.2%,6.4,10.1,63.3,0.63,2.63,57,6.2,63.3,10.1,11.6,6.7,78.4,5,0
29,Terry McLaurin,WAS,27,WR,9,9,6.89,4.22,67.7,16,0.22,2.89,49,4.2,67.7,61.3%,9.8,0.44,1.22,0,0.11,7,2.8,1.2,0.4,4.67,14.8,68.9,2,0.11
30,Chris Olave,NOR,22,WR,8,6,9,5.38,77.3,14.4,0.25,3.5,51,5.4,77.3,59.7%,8.6,,,,0,,,,,5.38,14.4,77.3,2,0.13
31,Kenneth Walker III,SEA,22,RB,8,4,2,1.5,6,4,0,0.13,13,1.5,6,75.0%,3,13.9,71.3,0.88,3.38,74,5.1,71.3,13.9,15.4,5,77.3,7,0
32,Mike Evans,TAM,29,WR,8,8,8.75,5.5,77.1,14,0.38,3.88,51,5.5,77.1,62.9%,8.8,,,,0,,,,,5.5,14,77.1,3,0
33,Ja'Marr Chase,CIN,22,WR,7,7,10.6,6.71,86.4,12.9,0.86,4.86,60,6.7,86.4,63.5%,8.2,0.57,0.29,0,0,4,0.5,0.3,0.6,7.29,11.9,86.7,6,0.14
34,Justin Fields,CHI,23,QB,9,9,0,0,0,,0,0,0,0,0,0.0%,,10.1,66.9,0.44,4.67,61,6.6,66.9,10.1,10.1,6.6,66.9,4,1.22
35,Jamaal Williams,DET,27,RB,8,5,1.5,1.13,7.13,6.3,0,0.38,17,1.1,7.1,75.0%,4.8,15.8,68.1,1,4.13,51,4.3,68.1,15.8,16.9,4.5,75.3,8,0.25
36,Tyler Lockett,SEA,30,WR,9,9,7.33,5.67,66.4,11.7,0.44,3.22,40,5.7,66.4,77.3%,9.1,,,,0,,,,,5.67,11.7,66.4,4,0.22
37,Christian Kirk,JAX,26,WR,9,9,7.78,4.78,63.8,13.3,0.56,3.22,49,4.8,63.8,61.4%,8.2,0.33,1.33,0,0,5,4,1.3,0.3,5.11,12.7,65.1,5,0.11
38,JuJu Smith-Schuster,KAN,26,WR,8,8,7.5,5.5,72.8,13.2,0.25,3.38,53,5.5,72.8,73.3%,9.7,,,,0,,,,,5.5,13.2,72.8,2,0.25
39,Curtis Samuel,WAS,26,WR,9,7,7.33,5,50.6,10.1,0.33,2.78,49,5,50.6,68.2%,6.9,2,13.6,0,0.78,21,6.8,13.6,2,7,9.2,64.1,3,0.11
40,Raheem Mostert,MIA,30,RB,9,7,2.44,1.44,10.8,7.5,0.11,0.56,18,1.4,10.8,59.1%,4.4,12.2,53.1,0.22,2.67,25,4.3,53.1,12.2,13.7,4.7,63.9,3,0
41,CeeDee Lamb,DAL,23,WR,8,8,9.13,5.25,69.5,13.2,0.38,3.63,30,5.3,69.5,57.5%,7.6,0.63,1.5,0,0.13,8,2.4,1.5,0.6,5.88,12.1,71,3,0
42,Antonio Gibson,WAS,24,RB,9,6,4.22,3.44,26.6,7.7,0.22,1.44,26,3.4,26.6,81.6%,6.3,9.89,36.4,0.22,2.33,20,3.7,36.4,9.9,13.3,4.7,63,4,0
43,Tee Higgins,CIN,23,WR,9,8,6.44,4.56,62.7,13.8,0.33,2.78,59,4.6,62.7,70.7%,9.7,,,,0,,,,,4.56,13.8,62.7,3,0
44,Devin Singletary,BUF,25,RB,8,8,4.38,3.38,25.9,7.7,0.13,1.63,22,3.4,25.9,77.1%,5.9,9.88,43.4,0,1.75,30,4.4,43.4,9.9,13.3,5.2,69.3,1,0.13
45,Amari Cooper,CLE,28,WR,8,8,8.25,4.88,69.1,14.2,0.63,3.63,55,4.9,69.1,59.1%,8.4,,,,0,,,,,4.88,14.2,69.1,5,0
46,Michael Pittman Jr.,IND,25,WR,8,8,9.5,6.75,68.8,10.2,0.13,3.63,28,6.8,68.8,71.1%,7.2,,,,0,,,,,6.75,10.2,68.8,1,0.13
47,David Montgomery,CHI,25,RB,8,8,2,1.75,17.9,10.2,0,0.63,30,1.8,17.9,87.5%,8.9,13.3,49.6,0.25,2.5,28,3.7,49.6,13.3,15,4.5,67.5,2,0.13
48,Tyler Boyd,CIN,28,WR,9,7,5.44,4.11,59.7,14.5,0.44,2.78,60,4.1,59.7,75.5%,11,,,,0,,,,,4.11,14.5,59.7,4,0
49,Jonathan Taylor,IND,23,RB,6,6,4.17,2.67,11.8,4.4,0,0.17,9,2.7,11.8,64.0%,2.8,17.8,77,0.17,4,27,4.3,77,17.8,20.5,4.3,88.8,1,0.33
50,Michael Carter,NYJ,23,RB,9,7,3.56,2.78,21.8,7.8,0,1,37,2.8,21.8,78.1%,6.1,9.44,36.7,0.33,1.44,25,3.9,36.7,9.4,12.2,4.8,58.4,3,0.11
51,Garrett Wilson,NYJ,22,WR,9,5,7.56,4.67,57.9,12.4,0.22,2.78,54,4.7,57.9,61.8%,7.7,0.22,0.56,0,0,7,2.5,0.6,0.2,4.89,12,58.4,2,0.11
52,Deebo Samuel,SFO,26,WR,7,6,7.71,4.57,55.3,12.1,0.29,2,57,4.6,55.3,59.3%,7.2,3.43,19.7,0.14,0.57,51,5.8,19.7,3.4,8,9.4,75,3,0.29
53,Tyler Allgeier,ATL,22,RB,9,4,1,1,8.67,8.7,0.11,0.56,25,1,8.7,100.0%,8.7,11.3,49.2,0.11,2.22,44,4.3,49.2,11.3,12.3,4.7,57.9,2,0
54,Dallas Goedert,PHI,27,TE,8,8,6.25,5,65.1,13,0.25,3.63,31,5,65.1,80.0%,10.4,,,,0,,,,,5,13,65.1,2,0
55,D.J. Moore,CAR,25,WR,10,10,7.7,3.9,47.8,12.3,0.3,2.4,62,3.9,47.8,50.6%,6.2,0.7,3.9,0,0.1,11,5.6,3.9,0.7,4.6,11.2,51.7,3,0
56,D.K. Metcalf,SEA,25,WR,9,9,7.56,4.67,56.7,12.1,0.44,2.56,54,4.7,56.7,61.8%,7.5,,,,0,,,,,4.67,12.1,56.7,4,0.22
57,Mark Andrews,BAL,27,TE,8,8,8,5.25,61,11.6,0.63,3.63,25,5.3,61,65.6%,7.6,0.25,0.88,0,0.25,4,3.5,0.9,0.3,5.5,11.3,61.9,5,0
58,Mike Williams,LAC,28,WR,7,7,8.43,5.29,70.7,13.4,0.43,3,50,5.3,70.7,62.7%,8.4,,,,0,,,,,5.29,13.4,70.7,3,0
59,Brandon Aiyuk,SFO,24,WR,8,8,6.88,4.75,60.4,12.7,0.5,2.88,34,4.8,60.4,69.1%,8.8,0.13,0.88,0,0,7,7,0.9,0.1,4.88,12.6,61.3,4,0
60,AJ Dillon,GNB,24,RB,9,2,2.78,1.78,11,6.2,0,0.33,12,1.8,11,64.0%,4,10.9,43.2,0.11,2.56,27,4,43.2,10.9,12.7,4.3,54.2,1,0.11
61,Marquise Brown,ARI,25,WR,6,6,10.7,7.17,80.8,11.3,0.5,4,26,7.2,80.8,67.2%,7.6,,,,0,,,,,7.17,11.3,80.8,3,0.17
62,Eno Benjamin,ARI,23,RB,9,3,3.67,2.67,20.4,7.7,0,1.11,22,2.7,20.4,72.7%,5.6,7.78,33.2,0.22,1.56,45,4.3,33.2,7.8,10.4,5.1,53.7,2,0
63,Ezekiel Elliott,DAL,27,RB,7,7,1.14,0.86,4.57,5.3,0,0.29,31,0.9,4.6,75.0%,4,15.6,63.3,0.57,3.71,27,4.1,63.3,15.6,16.4,4.1,67.9,4,0
64,Najee Harris,PIT,24,RB,8,8,3.5,3,14,4.7,0.25,1,14,3,14,85.7%,4,13.5,45.1,0.13,1.88,18,3.3,45.1,13.5,16.5,3.6,59.1,3,0.13
65,Courtland Sutton,DEN,27,WR,8,8,7.75,4.38,58.4,13.3,0.13,2.63,51,4.4,58.4,56.5%,7.5,0.13,0.63,0,0,5,5,0.6,0.1,4.5,13.1,59,1,0
66,Amon-Ra St. Brown,DET,23,WR,7,7,8.43,5.57,57,10.2,0.43,2.86,49,5.6,57,66.1%,6.8,0.29,9.71,0,0.14,58,34,9.7,0.3,5.86,11.4,66.7,3,0
67,Jakobi Meyers,NWE,26,WR,7,6,7.43,5.71,65.3,11.4,0.43,3.14,30,5.7,65.3,76.9%,8.8,0.29,1.29,0,0.29,7,4.5,1.3,0.3,6,11.1,66.6,3,0.14
68,T.J. Hockenson,2TM,25,,8,8,6.5,4.38,58.1,13.3,0.38,2.75,81,4.4,58.1,67.3%,8.9,,,,0,,,,,4.38,13.3,58.1,3,0
69,James Robinson,2TM,24,,9,5,1.56,1.22,5.67,4.6,0.22,0.56,10,1.2,5.7,78.6%,3.6,11,45,0.33,2.33,50,4.1,45,11,12.2,4.1,50.7,5,0.11
70,Gabriel Davis,BUF,23,WR,7,7,5.43,2.57,64.4,25.1,0.57,2,98,2.6,64.4,47.4%,11.9,,,,0,,,,,2.57,25.1,64.4,4,0
71,D'Onta Foreman,CAR,26,RB,10,3,0.7,0.4,2.5,6.3,0,0.1,23,0.4,2.5,57.1%,3.6,9.1,42.6,0.4,2,60,4.7,42.6,9.1,9.5,4.7,45.1,4,0
72,Jerry Jeudy,DEN,23,WR,8,8,6.75,3.75,56.1,15,0.38,2.63,67,3.8,56.1,55.6%,8.3,0.13,0.13,0,0.13,1,1,0.1,0.1,3.88,14.5,56.3,3,0
73,Clyde Edwards-Helaire,KAN,23,RB,8,6,2.63,2.13,18.9,8.9,0.38,1.38,25,2.1,18.9,81.0%,7.2,8.63,36.6,0.38,1.75,52,4.2,36.6,8.6,10.8,5.2,55.5,6,0
74,DeVonta Smith,PHI,24,WR,8,8,6.63,5,55.3,11.1,0.25,3,45,5,55.3,75.5%,8.3,,,,0,,,,,5,11.1,55.3,2,0
75,Cordarrelle Patterson,ATL,31,RB,6,5,1.5,1,6.5,6.5,0,0.33,12,1,6.5,66.7%,4.3,12.7,67,0.83,3.83,40,5.3,67,12.7,13.7,5.4,73.5,5,0
76,Allen Lazard,GNB,27,WR,7,7,7.29,4.29,61,14.2,0.71,3.57,47,4.3,61,58.8%,8.4,,,,0,,,,,4.29,14.2,61,5,0
77,Kareem Hunt,CLE,27,RB,8,0,2.88,2.38,14.6,6.2,0.13,0.88,24,2.4,14.6,82.6%,5.1,9.63,38.1,0.38,2.38,24,4,38.1,9.6,12,4.4,52.8,4,0
78,Donovan Peoples-Jones,CLE,23,WR,8,6,5.75,3.75,52.1,13.9,0,2,42,3.8,52.1,65.2%,9.1,0.13,0.25,0,0,2,2,0.3,0.1,3.88,13.5,52.4,0,0.13
79,Adam Thielen,MIN,32,WR,8,8,7.13,4.75,52.3,11,0.25,3.38,36,4.8,52.3,66.7%,7.3,,,,0,,,,,4.75,11,52.3,2,0
80,David Njoku,CLE,26,TE,7,7,6,4.86,59.7,12.3,0.14,3.14,38,4.9,59.7,81.0%,10,0.14,-0.86,0,0,-6,-6,-0.9,0.1,5,11.8,58.9,1,0.14
81,Chris Godwin,TAM,26,WR,7,6,9.29,6,57.7,9.6,0,2.57,44,6,57.7,64.6%,6.2,0.43,0.71,0,0,2,1.7,0.7,0.4,6.43,9.1,58.4,0,0
82,Darnell Mooney,CHI,25,WR,9,9,5.78,3.56,45.2,12.7,0.11,1.78,56,3.6,45.2,61.5%,7.8,0.11,0.22,0,0,2,2,0.2,0.1,3.67,12.4,45.4,1,0
83,Drake London,ATL,21,WR,10,8,6.2,3.8,40.7,10.7,0.3,2.4,31,3.8,40.7,61.3%,6.6,,,,0,,,,,3.8,10.7,40.7,3,0.1
84,Melvin Gordon,DEN,29,RB,8,4,2.63,2,17.3,8.6,0,0.88,24,2,17.3,76.2%,6.6,9.38,32.9,0.25,1.5,17,3.5,32.9,9.4,11.4,4.4,50.1,2,0.5
85,Mack Hollins,LVR,29,WR,8,7,5.5,3.5,49.8,14.2,0.25,2.38,60,3.5,49.8,63.6%,9,,,,0,,,,,3.5,14.2,49.8,2,0
86,Alec Pierce,IND,22,WR,8,7,5,3.13,49.5,15.8,0.13,2.25,47,3.1,49.5,62.5%,9.9,,,,0,,,,,3.13,15.8,49.5,1,0.13
87,Zach Ertz,ARI,32,TE,9,9,7.56,5.11,43.8,8.6,0.44,2.56,32,5.1,43.8,67.6%,5.8,,,,0,,,,,5.11,8.6,43.8,4,0
88,Diontae Johnson,PIT,26,WR,8,8,9.5,5.38,46.5,8.7,0,2.5,25,5.4,46.5,56.6%,4.9,0.63,2.75,0,0,8,4.4,2.8,0.6,6,8.2,49.3,0,0.13
89,Josh Allen,BUF,26,QB,8,8,0,0,0,,0,0,0,0,0,0.0%,,7.75,49,0.5,3.88,36,6.3,49,7.8,7.75,6.3,49,4,0.88
90,D'Andre Swift,DET,23,RB,5,3,4.2,3.2,28.8,9,0.4,1.4,25,3.2,28.8,76.2%,6.9,6.8,49.4,0.2,1.4,50,7.3,49.4,6.8,10,7.8,78.2,3,0
91,Kenyan Drake,BAL,28,RB,7,4,1.57,1.29,6.43,5,0.14,0.71,15,1.3,6.4,81.8%,4.1,10.4,49.1,0.43,2.29,40,4.7,49.1,10.4,11.7,4.7,55.6,4,0
92,Chase Claypool,2TM,24,,9,8,6.22,3.78,36,9.5,0.11,2,26,3.8,36,60.7%,5.8,1,6.56,0,0.33,15,6.6,6.6,1,4.78,8.9,42.6,1,0
93,Marquez Valdes-Scantling,KAN,28,WR,8,5,4.88,2.88,47.6,16.6,0,2.13,57,2.9,47.6,59.0%,9.8,0.13,-0.38,0,0,-3,-3,-0.4,0.1,3,15.8,47.3,0,0
94,Devin Duvernay,BAL,25,WR,9,9,3.67,2.78,35.3,12.7,0.33,1.78,31,2.8,35.3,75.8%,9.6,0.78,6.11,0.11,0.44,18,7.9,6.1,0.8,3.56,11.7,41.4,4,0
95,Zay Jones,JAX,27,WR,8,7,6.88,4.88,43.6,8.9,0.13,2.63,22,4.9,43.6,70.9%,6.3,0.38,2.63,0,0.13,14,7,2.6,0.4,5.25,8.8,46.3,1,0
96,James Conner,ARI,27,RB,6,6,4,3.17,20.3,6.4,0,0.83,21,3.2,20.3,79.2%,5.1,10.2,40.8,0.17,3.17,17,4,40.8,10.2,13.3,4.6,61.2,1,0.17
97,Pat Freiermuth,PIT,24,TE,7,4,6.86,4.57,52.4,11.5,0.14,2.71,31,4.6,52.4,66.7%,7.6,,,,0,,,,,4.57,11.5,52.4,1,0
98,Daniel Jones,NYG,25,QB,8,8,0,0,0,,0,0,0,0,0,0.0%,,8,45.4,0.38,3.63,24,5.7,45.4,8,8,5.7,45.4,3,0.38
99,Rashaad Penny,SEA,26,RB,5,5,1,0.8,3.2,4,0,0.4,6,0.8,3.2,80.0%,3.2,11.4,69.2,0.4,3,41,6.1,69.2,11.4,12.2,5.9,72.4,2,0.2
100,Taysom Hill,NOR,32,TE,8,3,0.63,0.38,2,5.3,0.13,0.25,11,0.4,2,60.0%,3.2,5,42.9,0.63,2.63,60,8.6,42.9,5,5.38,8.3,44.9,6,0.13
101,Kyler Murray,ARI,25,QB,9,9,0,0,0,,0,0,0,0,0,0.0%,,6.56,39.9,0.22,2.11,42,6.1,39.9,6.6,6.56,6.1,39.9,2,0.89
102,Olamide Zaccheaus,ATL,25,WR,10,7,2.9,2.4,36.5,15.2,0.2,1.9,42,2.4,36.5,82.8%,12.6,0.1,-0.6,0,0,-6,-6,-0.6,0.1,2.5,14.4,35.9,2,0.1
103,Josh Reynolds,DET,27,WR,7,7,6,3.71,51,13.7,0.29,2.43,31,3.7,51,61.9%,8.5,,,,0,,,,,3.71,13.7,51,2,0
104,Brandin Cooks,HOU,29,WR,7,7,7.57,4.57,50.6,11.1,0.14,2.14,44,4.6,50.6,60.4%,6.7,,,,0,,,,,4.57,11.1,50.6,1,0
105,Corey Davis,NYJ,27,WR,7,5,4.86,2.71,50.1,18.5,0.29,2.43,66,2.7,50.1,55.9%,10.3,,,,0,,,,,2.71,18.5,50.1,2,0
106,Josh Palmer,LAC,24,WR,7,7,7.14,4.86,49.4,10.2,0.14,2.57,45,4.9,49.4,68.0%,6.9,0.14,0.57,0,0.14,4,4,0.6,0.1,5,10,50,1,0
107,Damien Harris,NWE,25,RB,7,6,2,1.57,6.71,4.3,0,0.29,11,1.6,6.7,78.6%,3.4,10.1,43.1,0.43,2.29,16,4.3,43.1,10.1,11.7,4.3,49.9,3,0
108,Marcus Mariota,ATL,29,QB,10,10,0,0,0,,0,0,0,0,0,0.0%,,6.3,34.7,0.3,2.3,30,5.5,34.7,6.3,6.3,5.5,34.7,3,0.8
109,Darrell Henderson,LAR,25,RB,8,5,2.63,2,11.4,5.7,0,0.5,15,2,11.4,76.2%,4.3,7.75,31.6,0.25,1.38,23,4.1,31.6,7.8,9.75,4.4,43,2,0
110,Gerald Everett,LAC,28,TE,8,5,6.63,4,42.6,10.7,0.25,1.88,26,4,42.6,60.4%,6.4,0.13,0,0,0,0,0,0,0.1,4.13,10.3,42.6,2,0
111,Noah Brown,DAL,26,WR,7,7,5.57,3.57,48.4,13.6,0.14,2.29,45,3.6,48.4,64.1%,8.7,,,,0,,,,,3.57,13.6,48.4,1,0.14
112,George Pickens,PIT,21,WR,8,4,5.38,3.25,42.3,13,0.13,2.13,36,3.3,42.3,60.5%,7.9,0.13,0.13,0,0,1,1,0.1,0.1,3.38,12.6,42.4,1,0
113,Evan Engram,JAX,28,TE,9,7,5.22,3.67,37.6,10.2,0.11,1.56,28,3.7,37.6,70.2%,7.2,0.11,0,0,0,0,0,0,0.1,3.78,9.9,37.6,1,0
114,Caleb Huntley,ATL,24,RB,8,0,0,0,0,,0,0,0,0,0,0.0%,,8.63,41.4,0.13,2.13,30,4.8,41.4,8.6,8.63,4.8,41.4,1,0.13
115,Mecole Hardman,KAN,24,WR,8,5,4.25,3.13,37.1,11.9,0.5,1.75,36,3.1,37.1,73.5%,8.7,0.5,3.88,0.25,0.38,25,7.8,3.9,0.5,3.63,11.3,41,6,0.13
116,Parris Campbell,IND,25,WR,9,8,5,3.56,33,9.3,0.22,2,38,3.6,33,71.1%,6.6,0.22,3.22,0,0.11,28,14.5,3.2,0.2,3.78,9.6,36.2,2,0
117,Jalen Hurts,PHI,24,QB,8,8,0,0,0,,0,0,0,0,0,0.0%,,11,40.8,0.75,3.5,26,3.7,40.8,11,11,3.7,40.8,6,0.63
118,Romeo Doubs,GNB,22,WR,9,7,5.56,3.44,34.9,10.1,0.33,1.33,26,3.4,34.9,62.0%,6.3,0.11,1.22,0,0.11,11,11,1.2,0.1,3.56,10.2,36.1,3,0.22
119,Rondale Moore,ARI,22,WR,6,6,7.17,5.33,53.3,10,0.17,2,38,5.3,53.3,74.4%,7.4,0.83,0.17,0,0.17,9,0.2,0.2,0.8,6.17,8.7,53.5,1,0
120,DeVante Parker,NWE,29,WR,8,7,3.5,1.88,40.1,21.4,0.13,1.63,43,1.9,40.1,53.6%,11.5,,,,0,,,,,1.88,21.4,40.1,1,0
121,George Kittle,SFO,29,TE,6,6,6.5,4.67,53.2,11.4,0.33,2.33,34,4.7,53.2,71.8%,8.2,,,,0,,,,,4.67,11.4,53.2,2,0.17
122,Tyler Conklin,NYJ,27,TE,9,9,5.56,3.67,35.1,9.6,0.33,1.78,27,3.7,35.1,66.0%,6.3,0.11,0.11,0,0.11,1,1,0.1,0.1,3.78,9.3,35.2,3,0.22
123,Robert Tonyan,GNB,28,TE,9,2,5.11,4.22,35,8.3,0.11,1.44,23,4.2,35,82.6%,6.8,,,,0,,,,,4.22,8.3,35,1,0
124,Marvin Jones,JAX,32,WR,8,6,5.88,3.38,39.1,11.6,0.13,2.13,37,3.4,39.1,57.4%,6.7,,,,0,,,,,3.38,11.6,39.1,1,0
125,Kyle Pitts,ATL,22,TE,9,9,6,2.78,34.8,12.5,0.22,2,33,2.8,34.8,46.3%,5.8,,,,0,,,,,2.78,12.5,34.8,2,0
126,Tyler Higbee,LAR,29,TE,8,8,7.13,4.5,39,8.7,0,2.13,26,4.5,39,63.2%,5.5,,,,0,,,,,4.5,8.7,39,0,0
127,Nico Collins,HOU,23,WR,6,4,5,3,50.8,16.9,0,2,58,3,50.8,60.0%,10.2,,,,0,,,,,3,16.9,50.8,0,0
128,Hayden Hurst,CIN,29,TE,9,9,5.33,4.22,33.7,8,0.22,2,21,4.2,33.7,79.2%,6.3,,,,0,,,,,4.22,8,33.7,2,0
129,DeAndre Hopkins,ARI,30,WR,3,3,10.7,8.67,99.3,11.5,0.67,4.67,33,8.7,99.3,81.3%,9.3,,,,0,,,,,8.67,11.5,99.3,2,0.33
130,Rashod Bateman,BAL,23,WR,6,5,4.67,2.5,47.5,19,0.33,1.17,75,2.5,47.5,53.6%,10.2,,,,0,,,,,2.5,19,47.5,2,0.17
131,Javonte Williams,DEN,22,RB,4,4,5.5,4,19,4.8,0,1,13,4,19,72.7%,3.5,11.8,51,0,2.25,17,4.3,51,11.8,15.8,4.4,70,0,0.25
132,Jerick McKinnon,KAN,30,RB,8,0,3.13,2.38,19.5,8.2,0.13,0.88,34,2.4,19.5,76.0%,6.2,4,15.4,0,0.5,30,3.8,15.4,4,6.38,5.5,34.9,1,0
133,Kalif Raymond,DET,28,WR,8,2,3.5,2.5,31.9,12.8,0,1.25,43,2.5,31.9,71.4%,9.1,0.38,2.88,0,0.13,12,7.7,2.9,0.4,2.88,12.1,34.8,0,0.13
134,DeAndre Carter,LAC,29,WR,8,5,4.25,3,35.3,11.8,0.13,2.13,35,3,35.3,70.6%,8.3,0.13,-0.63,0,0,-5,-5,-0.6,0.1,3.13,11.1,34.6,1,0.13
135,Noah Fant,SEA,25,TE,9,9,3.78,3,30.2,10.1,0.11,1.22,51,3,30.2,79.4%,8,,,,0,,,,,3,10.1,30.2,1,0
136,J.D. McKissic,WAS,29,RB,8,0,5,3.38,21.6,6.4,0,0.88,14,3.4,21.6,67.5%,4.3,2.75,11.9,0,0.63,33,4.3,11.9,2.8,6.13,5.5,33.5,0,0
137,Tre'Quan Smith,NOR,26,WR,7,3,3.57,2.43,37.7,15.5,0.14,2,48,2.4,37.7,68.0%,10.6,,,,0,,,,,2.43,15.5,37.7,1,0
138,Dontrell Hilliard,TEN,27,RB,7,1,2.57,2,20,10,0.43,1,31,2,20,77.8%,7.8,2.43,17.3,0,0.43,30,7.1,17.3,2.4,4.43,8.4,37.3,3,0
139,Samaje Perine,CIN,27,RB,9,0,2.44,2,14,7,0.11,0.44,15,2,14,81.8%,5.7,2.78,14.8,0,0.78,29,5.3,14.8,2.8,4.78,6,28.8,1,0
140,Juwan Johnson,NOR,26,TE,9,5,4,2.56,28.7,11.2,0.33,1.22,41,2.6,28.7,63.9%,7.2,,,,0,,,,,2.56,11.2,28.7,3,0
141,Randall Cobb,GNB,32,WR,6,1,4.33,3,42.8,14.3,0,2,40,3,42.8,69.2%,9.9,,,,0,,,,,3,14.3,42.8,0,0.17
142,Robert Woods,TEN,30,WR,8,6,4.5,2.75,32,11.6,0.13,1.88,41,2.8,32,61.1%,7.1,,,,0,,,,,2.75,11.6,32,1,0.13
143,Rachaad White,TAM,23,RB,9,0,2.78,2.22,15,6.8,0,1,20,2.2,15,80.0%,5.4,4.22,13,0.11,1,11,3.1,13,4.2,6.44,4.3,28,1,0.11
144,Allen Robinson,LAR,29,WR,8,8,5.13,3.13,31,9.9,0.25,2,29,3.1,31,61.0%,6,,,,0,,,,,3.13,9.9,31,2,0
145,Ben Skowronek,LAR,25,WR,8,5,4,3,28.9,9.6,0,1.25,32,3,28.9,75.0%,7.2,0.13,2.13,0.13,0.13,17,17,2.1,0.1,3.13,9.9,31,1,0
146,Cade Otton,TAM,23,TE,8,6,4,2.88,30.8,10.7,0.13,1.5,35,2.9,30.8,71.9%,7.7,,,,0,,,,,2.88,10.7,30.8,1,0
147,Deon Jackson,IND,23,RB,9,2,1.89,1.78,13.4,7.6,0,0.56,22,1.8,13.4,94.1%,7.1,4.56,13.7,0.11,1,17,3,13.7,4.6,6.33,4.3,27.1,1,0
148,Terrace Marshall Jr.,CAR,22,WR,7,3,3.57,2,34.9,17.4,0.14,1.71,43,2,34.9,56.0%,9.8,,,,0,,,,,2,17.4,34.9,1,0
149,James Cook,BUF,23,RB,8,0,1.5,0.88,12,13.7,0,0.25,41,0.9,12,58.3%,8,3.5,18.4,0.13,1,33,5.3,18.4,3.5,4.38,6.9,30.4,1,0.13
150,Mark Ingram,NOR,33,RB,8,3,1.5,1.38,5.75,4.2,0,0.25,11,1.4,5.8,91.7%,3.8,6.38,24.5,0.13,1.38,14,3.8,24.5,6.4,7.75,3.9,30.3,1,0.25
151,Jaylen Warren,PIT,24,RB,8,0,1.75,1.5,11,7.3,0,0.38,15,1.5,11,85.7%,6.3,3.63,19.1,0,1.25,19,5.3,19.1,3.6,5.13,5.9,30.1,0,0.13
152,Hunter Henry,NWE,28,TE,9,8,3.11,2.11,26.7,12.6,0.11,1.44,31,2.1,26.7,67.9%,8.6,,,,0,,,,,2.11,12.6,26.7,1,0
153,Mike Gesicki,MIA,27,TE,9,1,3.56,2.44,26.4,10.8,0.44,1.44,30,2.4,26.4,68.8%,7.4,,,,0,,,,,2.44,10.8,26.4,4,0
154,Darius Slayton,NYG,25,WR,7,3,3.43,2.29,33.1,14.5,0.14,2,32,2.3,33.1,66.7%,9.7,,,,0,,,,,2.29,14.5,33.1,1,0
155,Russell Gage,TAM,26,WR,7,4,5.71,4.14,33,8,0.14,1.86,20,4.1,33,72.5%,5.8,,,,0,,,,,4.14,8,33,1,0.14
156,Will Dissly,SEA,26,TE,9,9,2.89,2.67,25.6,9.6,0.33,1.44,38,2.7,25.6,92.3%,8.8,,,,0,,,,,2.67,9.6,25.6,3,0
157,Nelson Agholor,NWE,29,WR,8,3,2.63,1.88,28.4,15.1,0.13,0.88,44,1.9,28.4,71.4%,10.8,,,,0,,,,,1.88,15.1,28.4,1,0.25
158,Brian Robinson Jr.,WAS,23,RB,5,3,0.8,0.8,1.4,1.8,0,0,7,0.8,1.4,100.0%,1.8,13.4,43.8,0.2,2.6,24,3.3,43.8,13.4,14.2,3.2,45.2,1,0
159,Greg Dortch,ARI,24,WR,9,2,3.22,2.78,24.6,8.8,0.22,1.33,30,2.8,24.6,86.2%,7.6,0.22,0.44,0,0,3,2,0.4,0.2,3,8.3,25,2,0.11
160,Nyheim Hines,2TM,26,,8,4,3.63,3.13,23.5,7.5,0,1,22,3.1,23.5,86.2%,6.5,2.25,4.5,0.13,0.25,9,2,4.5,2.3,5.38,5.2,28,1,0.13
161,Craig Reynolds,DET,26,RB,8,0,1.25,1.13,14.5,12.9,0,0.63,36,1.1,14.5,90.0%,11.6,2.88,12.8,0,0.5,21,4.4,12.8,2.9,4,6.8,27.3,0,0
162,Justice Hill,BAL,25,RB,7,0,0.71,0.71,3.86,5.4,0,0.14,10,0.7,3.9,100.0%,5.4,4.57,27.1,0,1,34,5.9,27.1,4.6,5.29,5.9,31,0,0.14
163,Chase Edmonds,MIA,26,RB,8,2,2.13,1.25,12,9.6,0.13,0.5,15,1.3,12,58.8%,5.6,5.25,15,0.25,0.75,28,2.9,15,5.3,6.5,4.2,27,3,0
164,Rex Burkhead,HOU,32,RB,8,0,4.13,3.13,16.4,5.2,0.13,0.63,13,3.1,16.4,75.8%,4,2.88,10.1,0,0.5,9,3.5,10.1,2.9,6,4.4,26.5,1,0
165,Latavius Murray,2TM,32,,4,0,1.75,1.25,4.5,3.6,0,0,13,1.3,4.5,71.4%,2.6,12,48.3,0.75,2.5,14,4,48.3,12,13.3,4,52.8,3,0
166,Isiah Pacheco,KAN,22,RB,8,2,0.38,0.38,1.63,4.3,0,0.13,12,0.4,1.6,100.0%,4.3,5.5,24.6,0.13,0.75,22,4.5,24.6,5.5,5.88,4.5,26.3,1,0.25
167,Cole Kmet,CHI,23,TE,9,9,2.89,2.11,22.2,10.5,0.33,1.22,26,2.1,22.2,73.1%,7.7,0.22,1,0,0.11,8,4.5,1,0.2,2.33,10,23.2,3,0
168,Equanimeous St. Brown,CHI,26,WR,9,9,2.78,1.22,18.2,14.9,0.11,0.89,30,1.2,18.2,44.0%,6.6,0.33,4.89,0,0.11,41,14.7,4.9,0.3,1.56,14.9,23.1,1,0.11
169,Isaiah Likely,BAL,22,TE,9,1,3.33,1.89,22.8,12.1,0.22,1.11,34,1.9,22.8,56.7%,6.8,,,,0,,,,,1.89,12.1,22.8,2,0
170,Dalton Schultz,DAL,26,TE,6,6,4.83,3.33,33.8,10.2,0,1.17,30,3.3,33.8,69.0%,7,,,,0,,,,,3.33,10.2,33.8,0,0.17
171,Robbie Anderson,2TM,29,,9,6,3.78,1.56,22.4,14.4,0.11,0.56,75,1.6,22.4,41.2%,5.9,,,,0,,,,,1.56,14.4,22.4,1,0.11
172,Damiere Byrd,ATL,29,WR,7,3,2,1,28.6,28.6,0.29,0.86,75,1,28.6,50.0%,14.3,,,,0,,,,,1,28.6,28.6,2,0
173,Isaiah McKenzie,BUF,27,WR,7,5,4.29,2.86,26,9.1,0.43,1.57,28,2.9,26,66.7%,6.1,0.57,2.43,0.14,0.29,9,4.3,2.4,0.6,3.43,8.3,28.4,4,0
174,Elijah Moore,NYJ,22,WR,8,6,3.75,2,25.4,12.7,0,1.38,28,2,25.4,53.3%,6.8,0.25,-0.5,0,0,2,-2,-0.5,0.3,2.25,11.1,24.9,0,0
175,Richie James,NYG,27,WR,8,1,3.25,2.5,23.9,9.6,0,1.13,16,2.5,23.9,76.9%,7.3,0.25,0.75,0,0,4,3,0.8,0.3,2.75,9,24.6,0,0.38
176,Alexander Mattison,MIN,24,RB,8,0,1.5,1.13,7.25,6.4,0.13,0.5,16,1.1,7.3,75.0%,4.8,4.63,17.3,0.25,1.13,15,3.7,17.3,4.6,5.75,4.3,24.5,3,0
177,Dante Pettis,CHI,27,WR,9,3,2.22,1.22,18.6,15.2,0.22,0.56,51,1.2,18.6,55.0%,8.4,0.11,3.22,0,0.11,29,29,3.2,0.1,1.33,16.3,21.8,2,0.11
178,Geno Smith,SEA,32,QB,9,9,0,0,0,,0,0,0,0,0,0.0%,,4.56,21.8,0.11,1.44,24,4.8,21.8,4.6,4.56,4.8,21.8,1,0.33
179,Hunter Renfrow,LVR,27,WR,6,1,4.83,3.5,32,9.1,0,1.67,27,3.5,32,72.4%,6.6,,,,0,,,,,3.5,9.1,32,0,0.5
180,Laviska Shenault Jr.,CAR,24,WR,6,1,2.33,1.83,23.5,12.8,0.17,0.5,67,1.8,23.5,78.6%,10.1,0.83,8,0.17,0.17,41,9.6,8,0.8,2.67,11.8,31.5,2,0
181,KJ Hamler,DEN,23,WR,7,0,2,1,23.6,23.6,0,0.43,55,1,23.6,50.0%,11.8,0.29,3.29,0,0.14,14,11.5,3.3,0.3,1.29,20.9,26.9,0,0
182,KhaDarel Hodge,ATL,27,WR,10,1,1.6,1.1,18.4,16.7,0.1,0.6,39,1.1,18.4,68.8%,11.5,,,,0,,,,,1.1,16.7,18.4,1,0
183,K.J. Osborn,MIN,25,WR,8,7,4.13,2.63,23.1,8.8,0.25,1,28,2.6,23.1,63.6%,5.6,0.13,-0.13,0,0,-1,-1,-0.1,0.1,2.75,8.4,23,2,0
184,Trent Sherfield,MIA,26,WR,9,1,2.78,2,20.4,10.2,0,1,32,2,20.4,72.0%,7.4,,,,0,,,,,2,10.2,20.4,0,0
185,Dawson Knox,BUF,26,TE,7,7,3.86,2.86,26.1,9.2,0.29,1.43,20,2.9,26.1,74.1%,6.8,,,,0,,,,,2.86,9.2,26.1,2,0
186,Kendrick Bourne,NWE,27,WR,8,2,2.38,1.75,20.9,11.9,0,1.13,41,1.8,20.9,73.7%,8.8,0.38,1.88,0,0.13,15,5,1.9,0.4,2.13,10.7,22.8,0,0.25
187,Greg Dulcich,DEN,22,TE,3,1,5.67,4,60.7,15.2,0.33,2.33,39,4,60.7,70.6%,10.7,,,,0,,,,,4,15.2,60.7,1,0
188,Jauan Jennings,SFO,25,WR,7,1,3.43,2,25.7,12.9,0,1.29,44,2,25.7,58.3%,7.5,,,,0,,,,,2,12.9,25.7,0,0
189,Marquise Goodwin,SEA,32,WR,7,0,2.86,2,25.6,12.8,0.29,1.14,23,2,25.6,70.0%,9,,,,0,,,,,2,12.8,25.6,2,0
190,Foster Moreau,LVR,25,TE,6,5,4.5,2.83,29.2,10.3,0,2,30,2.8,29.2,63.0%,6.5,0,0.33,0,0,0,,0.3,0,2.83,10.4,29.5,0,0.17
191,Kylen Granson,IND,24,TE,9,3,3,2.22,19.6,8.8,0,1.11,20,2.2,19.6,74.1%,6.5,0.11,0,0,0,0,0,0,0.1,2.33,8.4,19.6,0,0.11
192,Patrick Mahomes,KAN,27,QB,8,8,0,0,0,,0,0,0,0,0,0.0%,,3.38,22,0.13,1.5,20,6.5,22,3.4,3.38,6.5,22,1,0.25
193,Darren Waller,LVR,30,TE,5,4,4.8,3.2,35,10.9,0.2,1.8,31,3.2,35,66.7%,7.3,,,,0,,,,,3.2,10.9,35,1,0
194,Chris Moore,HOU,29,WR,7,2,3,2,24.4,12.2,0.29,0.86,52,2,24.4,66.7%,8.1,0.14,0.29,0,0,2,2,0.3,0.1,2.14,11.5,24.7,2,0
195,Cam Akers,LAR,23,RB,6,2,0.83,0.33,3,9,0,0.17,10,0.3,3,40.0%,3.6,9.33,25.7,0.17,1.5,14,2.8,25.7,9.3,9.67,3,28.7,1,0.17
196,Ashton Dulin,IND,25,WR,5,1,3.6,2.4,33.6,14,0,1.8,39,2.4,33.6,66.7%,9.3,0.2,0.6,0,0,3,3,0.6,0.2,2.6,13.2,34.2,0,0
197,Michael Thomas,NOR,29,WR,3,3,7.33,5.33,57,10.7,1,4.33,21,5.3,57,72.7%,7.8,,,,0,,,,,5.33,10.7,57,3,0
198,Jarvis Landry,NOR,30,WR,4,1,5.25,3.75,42,11.2,0,1.25,40,3.8,42,71.4%,8,,,,0,,,,,3.75,11.2,42,0,0
199,Irv Smith Jr.,MIN,24,TE,7,0,4.71,3.14,24,7.6,0.29,1.29,17,3.1,24,66.7%,5.1,,,,0,,,,,3.14,7.6,24,2,0.14
200,Kenneth Gainwell,PHI,23,RB,8,0,1.5,1,5.63,5.6,0,0.25,11,1,5.6,66.7%,3.8,3.5,15.3,0.38,1.13,11,4.4,15.3,3.5,4.5,4.6,20.9,3,0
201,Colby Parkinson,SEA,23,TE,9,0,1.44,1.33,18.3,13.8,0.11,0.89,36,1.3,18.3,92.3%,12.7,,,,0,,,,,1.33,13.8,18.3,1,0
202,Kyle Juszczyk,SFO,31,FB,7,5,2.14,1.57,21.9,13.9,0,1,35,1.6,21.9,73.3%,10.2,0.43,1.43,0.14,0.29,9,3.3,1.4,0.4,2,11.6,23.3,1,0
203,J.K. Dobbins,BAL,24,RB,4,4,1.5,1.5,9.75,6.5,0.25,0.75,20,1.5,9.8,100.0%,6.5,8.75,30.8,0.25,2.5,17,3.5,30.8,8.8,10.3,4,40.5,2,0
204,Joshua Kelley,LAC,25,RB,6,0,1.67,1.17,9.33,8,0,0.5,22,1.2,9.3,70.0%,5.6,3.83,17.3,0.17,1,16,4.5,17.3,3.8,5,5.3,26.7,1,0
205,Jordan Akins,HOU,30,TE,6,0,2.5,1.83,26.5,14.5,0.17,1.33,39,1.8,26.5,73.3%,10.6,,,,0,,,,,1.83,14.5,26.5,1,0
206,Sammy Watkins,GNB,29,WR,5,3,3.4,2,31.8,15.9,0,1.4,55,2,31.8,58.8%,9.4,,,,0,,,,,2,15.9,31.8,0,0
207,Sony Michel,LAC,27,RB,8,0,1.63,1.13,6.63,5.9,0,0.13,9,1.1,6.6,69.2%,4.1,4.25,12.9,0,0.88,12,3,12.9,4.3,5.38,3.6,19.5,0,0
208,Daniel Bellinger,NYG,22,TE,7,6,2.57,2.29,21.7,9.5,0.29,1.43,20,2.3,21.7,88.9%,8.4,0.14,0.29,0.14,0.14,2,2,0.3,0.1,2.43,9.1,22,3,0
209,Sterling Shepard,NYG,29,WR,3,2,8,4.33,51.3,11.8,0.33,1.33,65,4.3,51.3,54.2%,6.4,,,,0,,,,,4.33,11.8,51.3,1,0
210,Jonnu Smith,NWE,27,TE,8,4,2.88,2,19.3,9.6,0,0.75,53,2,19.3,69.6%,6.7,,,,0,,,,,2,9.6,19.3,0,0
211,Scott Miller,TAM,25,WR,7,1,4.57,2.71,20.7,7.6,0,0.71,23,2.7,20.7,59.4%,4.5,0.14,1.14,0,0,8,8,1.1,0.1,2.86,7.7,21.9,0,0
212,Marquez Callaway,NOR,24,WR,9,3,3.22,1.67,16.9,10.1,0.11,1.22,33,1.7,16.9,51.7%,5.2,,,,0,,,,,1.67,10.1,16.9,1,0
213,Trevor Lawrence,JAX,23,QB,9,9,0,0,0,,0,0,0,0,0,0.0%,,3.67,16.9,0.33,1.56,24,4.6,16.9,3.7,3.67,4.6,16.9,3,0.67
214,Demarcus Robinson,BAL,28,WR,9,1,3.22,1.78,16.9,9.5,0.11,0.78,16,1.8,16.9,55.2%,5.2,,,,0,,,,,1.78,9.5,16.9,1,0
215,Braxton Berrios,NYJ,27,WR,9,1,1.89,1.33,7.67,5.8,0,0.44,13,1.3,7.7,70.6%,4.1,0.78,9.11,0.22,0.44,25,11.7,9.1,0.8,2.11,7.9,16.8,2,0
216,Austin Hooper,TEN,28,TE,8,1,2.25,1.5,18.8,12.5,0,1.13,23,1.5,18.8,66.7%,8.3,,,,0,,,,,1.5,12.5,18.8,0,0
217,Mo Alie-Cox,IND,29,TE,9,6,2,1.44,16.6,11.5,0.22,0.67,34,1.4,16.6,72.2%,8.3,,,,0,,,,,1.44,11.5,16.6,2,0
218,Mike Boone,DEN,27,RB,7,0,1.71,0.86,8.71,10.2,0,0.14,34,0.9,8.7,50.0%,5.1,2.14,11.7,0,0.57,18,5.5,11.7,2.1,3,6.8,20.4,0,0
219,Jacoby Brissett,CLE,30,QB,8,8,0,0,0,,0,0,0,0,0,0.0%,,3.88,17.8,0.25,2.38,21,4.6,17.8,3.9,3.88,4.6,17.8,2,0.63
220,Jahan Dotson,WAS,22,WR,4,3,5.5,3,38,12.7,1,2,40,3,38,54.5%,6.9,0.25,-2.5,0,0,-10,-10,-2.5,0.3,3.25,10.9,35.5,4,0
221,Julio Jones,TAM,33,WR,4,2,4,2,31.3,15.6,0.25,1.5,48,2,31.3,50.0%,7.8,0.75,4.25,0,0.5,12,5.7,4.3,0.8,2.75,12.9,35.5,1,0
222,Shi Smith,CAR,24,WR,10,4,2.4,1,14.2,14.2,0,0.6,31,1,14.2,41.7%,5.9,,,,0,,,,,1,14.2,14.2,0,0.1
223,Treylon Burks,TEN,22,WR,4,2,4,2.5,32.3,12.9,0,1.5,27,2.5,32.3,62.5%,8.1,0.5,3,0,0.25,8,6,3,0.5,3,11.8,35.3,0,0
224,Joe Burrow,CIN,26,QB,9,9,0,0,0,,0,0,0,0,0,0.0%,,3.89,15.7,0.44,1.67,23,4,15.7,3.9,3.89,4,15.7,4,0.44
225,Nick Westbrook-Ikhine,TEN,25,WR,8,6,1.88,0.88,17.3,19.7,0,0.63,61,0.9,17.3,46.7%,9.2,,,,0,,,,,0.88,19.7,17.3,0,0
226,Phillip Dorsett,HOU,29,WR,7,2,2.43,1,19.3,19.3,0.14,0.71,34,1,19.3,41.2%,7.9,,,,0,,,,,1,19.3,19.3,1,0
227,Michael Gallup,DAL,26,WR,5,3,4.6,2.4,27,11.3,0.2,1.4,27,2.4,27,52.2%,5.9,,,,0,,,,,2.4,11.3,27,1,0
228,Rashid Shaheed,NOR,24,WR,4,1,1.25,1,22.8,22.8,0.25,0.75,53,1,22.8,80.0%,18.2,0.25,11,0.25,0.25,44,44,11,0.3,1.25,27,33.8,2,0
229,Gus Edwards,BAL,27,RB,2,1,0.5,0,0,,0,0,0,0,0,0.0%,0,13.5,65.5,1,4.5,22,4.9,65.5,13.5,13.5,4.9,65.5,2,0
230,Ray-Ray McCloud,SFO,26,WR,8,2,1.88,1.13,16.1,14.3,0.13,0.88,22,1.1,16.1,60.0%,8.6,,,,0,,,,,1.13,14.3,16.1,1,0.25
231,Matt Breida,NYG,27,RB,8,0,1,0.75,6.75,9,0,0.38,15,0.8,6.8,75.0%,6.8,2.88,9.13,0,0.63,13,3.2,9.1,2.9,3.63,4.4,15.9,0,0
232,Noah Gray,KAN,23,TE,8,3,2.13,1.5,15.4,10.3,0,0.75,27,1.5,15.4,70.6%,7.2,0.13,0.13,0.13,0.13,1,1,0.1,0.1,1.63,9.5,15.5,1,0
233,Chuba Hubbard,CAR,23,RB,8,1,0.5,0.38,1.38,3.7,0,0,7,0.4,1.4,75.0%,2.8,2.5,13.9,0.13,0.88,17,5.6,13.9,2.5,2.88,5.3,15.3,1,0.13
234,Ian Thomas,CAR,26,TE,10,10,1.8,1.2,12,10,0,0.4,50,1.2,12,66.7%,6.7,,,,0,,,,,1.2,10,12,0,0
235,Zack Moss,BUF,25,RB,5,0,1.6,1.4,5.4,3.9,0,0.2,8,1.4,5.4,87.5%,3.4,3.4,18.2,0,0.6,43,5.4,18.2,3.4,4.8,4.9,23.6,0,0.2
236,Avery Williams,ATL,24,RB,10,2,0.9,0.8,3.5,4.4,0,0.1,10,0.8,3.5,88.9%,3.9,1.4,8.3,0.1,0.4,21,5.9,8.3,1.4,2.2,5.4,11.8,1,0
237,Cameron Brate,TAM,31,TE,5,1,4.4,2.6,22.8,8.8,0,1.4,19,2.6,22.8,59.1%,5.2,,,,0,,,,,2.6,8.8,22.8,0,0
238,Harrison Bryant,CLE,24,TE,8,5,2.63,1.75,14.3,8.1,0,0.5,30,1.8,14.3,66.7%,5.4,,,,0,,,,,1.75,8.1,14.3,0,0
239,Travis Homer,SEA,24,RB,5,0,1.6,1.6,15.8,9.9,0,0.8,22,1.6,15.8,100.0%,9.9,1.4,7,0,0.4,7,5,7,1.4,3,7.6,22.8,0,0
240,Russell Wilson,DEN,34,QB,7,7,0.14,0.14,0.14,1,0,0,1,0.1,0.1,100.0%,1,3.57,16.1,0.14,1.14,18,4.5,16.1,3.6,3.71,4.4,16.3,1,0.14
241,Jamycal Hasty,JAX,26,RB,9,0,0.89,0.67,2.67,4,0,0.11,15,0.7,2.7,75.0%,3,1.33,9.78,0.11,0.22,61,7.3,9.8,1.3,2,6.2,12.4,1,0
242,Khalil Shakir,BUF,22,WR,6,1,2.17,1,18.7,18.7,0.17,1,31,1,18.7,46.2%,8.6,,,,0,,,,,1,18.7,18.7,1,0
243,Dyami Brown,WAS,23,WR,7,0,1.43,0.43,15.9,37,0.29,0.43,75,0.4,15.9,30.0%,11.1,,,,0,,,,,0.43,37,15.9,2,0
244,Darrel Williams,ARI,27,RB,6,0,1.33,0.67,1.5,2.3,0,0,6,0.7,1.5,50.0%,1.1,3.5,17,0.17,1.33,30,4.9,17,3.5,4.17,4.4,18.5,1,0
245,O.J. Howard,HOU,28,TE,8,7,1.88,1,13.8,13.8,0.25,0.63,24,1,13.8,53.3%,7.3,,,,0,,,,,1,13.8,13.8,2,0
246,Quez Watkins,PHI,24,WR,8,3,1.63,1,14.1,14.1,0.13,0.25,53,1,14.1,61.5%,8.7,0.13,-0.38,0,0,-3,-3,-0.4,0.1,1.13,12.2,13.8,1,0
247,Kendall Hinton,DEN,25,WR,6,2,1.17,1,18,18,0,0.67,35,1,18,85.7%,15.4,,,,0,,,,,1,18,18,0,0
248,Jamal Agnew,JAX,27,WR,7,0,1.57,1,11.1,11.1,0.29,0.71,24,1,11.1,63.6%,7.1,0.71,4.14,0,0.29,19,5.8,4.1,0.7,1.71,8.9,15.3,2,0
249,Wan'Dale Robinson,NYG,21,WR,4,1,4,3,26.8,8.9,0.25,1.5,17,3,26.8,75.0%,6.7,,,,0,,,,,3,8.9,26.8,1,0
250,Christian Watson,GNB,23,WR,6,3,2.33,1.67,14.7,8.8,0,0.5,25,1.7,14.7,71.4%,6.3,0.5,3.17,0.17,0.17,15,6.3,3.2,0.5,2.17,8.2,17.8,1,0
251,Josiah Deguara,GNB,25,TE,9,0,1.33,1.22,11.8,9.6,0,0.44,25,1.2,11.8,91.7%,8.8,,,,0,,,,,1.22,9.6,11.8,0,0
252,David Sills,NYG,26,WR,8,5,2.13,1.38,13.3,9.6,0,0.88,24,1.4,13.3,64.7%,6.2,,,,0,,,,,1.38,9.6,13.3,0,0
253,Logan Thomas,WAS,31,TE,6,5,3.83,2.17,17.7,8.2,0.17,1,27,2.2,17.7,56.5%,4.6,,,,0,,,,,2.17,8.2,17.7,1,0
254,Dan Arnold,JAX,27,TE,9,0,0.78,0.67,11.7,17.5,0,0.44,26,0.7,11.7,85.7%,15,,,,0,,,,,0.67,17.5,11.7,0,0
255,Ross Dwelley,SFO,27,TE,8,0,0.63,0.38,13.1,35,0.13,0.38,56,0.4,13.1,60.0%,21,,,,0,,,,,0.38,35,13.1,1,0
256,Zach Pascal,PHI,28,WR,8,0,1.25,1.13,13,11.6,0.13,0.75,34,1.1,13,90.0%,10.4,0.13,0,0,0,0,0,0,0.1,1.25,10.4,13,1,0
257,Justin Watson,KAN,26,WR,8,0,1.75,0.75,12.6,16.8,0.25,0.5,41,0.8,12.6,42.9%,7.2,,,,0,,,,,0.75,16.8,12.6,2,0
258,David Bell,CLE,22,WR,8,2,1.38,1.13,12.5,11.1,0,0.38,20,1.1,12.5,81.8%,9.1,,,,0,,,,,1.13,11.1,12.5,0,0
259,Skyy Moore,KAN,22,WR,8,2,1.63,0.75,12.5,16.7,0,0.5,30,0.8,12.5,46.2%,7.7,,,,0,,,,,0.75,16.7,12.5,0,0.25
260,Tommy Tremble,CAR,22,TE,10,3,1.9,1,9.9,9.9,0.2,0.4,29,1,9.9,52.6%,5.2,,,,0,,,,,1,9.9,9.9,2,0.1
261,DJ Chark,DET,26,WR,3,3,6,2.33,32.7,14,0.33,2,23,2.3,32.7,38.9%,5.4,,,,0,,,,,2.33,14,32.7,1,0
262,Tanner Hudson,NYG,28,TE,8,0,1.38,0.75,12.3,16.3,0,0.75,27,0.8,12.3,54.5%,8.9,,,,0,,,,,0.75,16.3,12.3,0,0
263,Kenny Pickett,PIT,24,QB,5,4,0,0,0,,0,0,0,0,0,0.0%,,3.8,19.6,0.4,1.8,16,5.2,19.6,3.8,3.8,5.2,19.6,2,0.6
264,Tyquan Thornton,NWE,22,WR,5,2,3.8,1.8,16.2,9,0.2,1,21,1.8,16.2,47.4%,4.3,0.6,3.2,0.2,0.2,19,5.3,3.2,0.6,2.4,8.1,19.4,2,0
265,Chigoziem Okonkwo,TEN,23,TE,8,3,1.38,0.75,12.5,16.7,0.13,0.63,48,0.8,12.5,54.5%,9.1,0.13,-0.5,0,0,-4,-4,-0.5,0.1,0.88,13.7,12,1,0
266,DeeJay Dallas,SEA,24,RB,9,0,0.56,0.56,3.22,5.8,0,0.11,10,0.6,3.2,100.0%,5.8,1.44,7.22,0,0.44,16,5,7.2,1.4,2,5.2,10.4,0,0.11
267,Breshad Perriman,TAM,29,WR,7,2,2.29,1.14,14.4,12.6,0.14,0.57,28,1.1,14.4,50.0%,6.3,0.29,-1,0,0,0,-3.5,-1,0.3,1.43,9.4,13.4,1,0.29
268,Adam Trautman,NOR,25,TE,7,6,1.29,1.14,13.4,11.8,0.14,0.43,22,1.1,13.4,88.9%,10.4,,,,0,,,,,1.14,11.8,13.4,1,0
269,Pharaoh Brown,2TM,28,,7,5,1.86,1.29,13.3,10.3,0,0.71,30,1.3,13.3,69.2%,7.2,,,,0,,,,,1.29,10.3,13.3,0,0
270,Zach Gentry,PIT,26,TE,8,6,1.63,1.5,11.5,7.7,0,0.63,32,1.5,11.5,92.3%,7.1,,,,0,,,,,1.5,7.7,11.5,0,0
271,Denzel Mims,NYJ,25,WR,3,2,3,1.33,30.7,23,0,1,63,1.3,30.7,44.4%,10.2,,,,0,,,,,1.33,23,30.7,0,0
272,Armani Rogers,WAS,25,TE,9,3,0.67,0.56,7.11,12.8,0,0.44,23,0.6,7.1,83.3%,10.7,0.11,2.67,0,0.11,24,24,2.7,0.1,0.67,14.7,9.78,0,0
273,Brock Wright,DET,24,TE,8,3,0.88,0.75,11,14.7,0,0.5,25,0.8,11,85.7%,12.6,,,,0,,,,,0.75,14.7,11,0,0
274,Brandon Bolden,LVR,32,RB,7,0,1.14,1.14,7.57,6.6,0.14,0.29,18,1.1,7.6,100.0%,6.6,1.14,4.86,0,0.14,12,4.3,4.9,1.1,2.29,5.4,12.4,1,0
275,Peyton Hendershot,DAL,23,TE,8,1,1.5,1.13,10.6,9.4,0.13,0.88,29,1.1,10.6,75.0%,7.1,,,,0,,,,,1.13,9.4,10.6,1,0
276,John Bates,WAS,25,TE,8,4,2.13,1.38,10.5,7.6,0,0.38,20,1.4,10.5,64.7%,4.9,,,,0,,,,,1.38,7.6,10.5,0,0.13
277,Tom Kennedy,DET,26,WR,4,1,3,1.5,21,14,0,1.25,28,1.5,21,50.0%,7,,,,0,,,,,1.5,14,21,0,0
278,Eric Saubert,DEN,28,TE,8,2,1.75,0.88,10.4,11.9,0.13,0.5,25,0.9,10.4,50.0%,5.9,,,,0,,,,,0.88,11.9,10.4,1,0
279,C.J. Uzomah,NYJ,29,TE,8,7,1.38,1.25,10.3,8.2,0,0.38,27,1.3,10.3,90.9%,7.5,,,,0,,,,,1.25,8.2,10.3,0,0
280,Raheem Blackshear,CAR,23,RB,6,1,0.67,0.67,6.67,10,0,0.17,27,0.7,6.7,100.0%,10,2.5,6.83,0.17,0.67,12,2.7,6.8,2.5,3.17,4.3,13.5,1,0
281,Carson Wentz,WAS,30,QB,6,6,0,0,0,,0,0,0,0,0,0.0%,,3.17,13.2,0,0.5,18,4.2,13.2,3.2,3.17,4.2,13.2,0,1
282,Jelani Woods,IND,24,TE,9,0,1.44,0.78,8.78,11.3,0.33,0.67,33,0.8,8.8,53.8%,6.1,,,,0,,,,,0.78,11.3,8.78,3,0
283,Mac Jones,NWE,24,QB,6,6,0,0,0,,0,0,0,0,0,0.0%,,4.17,13,0.17,1.17,15,3.1,13,4.2,4.17,3.1,13,1,0.33
284,Kyle Philips,TEN,23,WR,4,0,3.25,2,19.5,9.8,0,0.75,21,2,19.5,61.5%,6,,,,0,,,,,2,9.8,19.5,0,0.5
285,Keenan Allen,LAC,30,WR,2,2,3,3,38.5,12.8,0,1.5,42,3,38.5,100.0%,12.8,,,,0,,,,,3,12.8,38.5,0,0
286,Johnny Mundt,MIN,28,TE,8,6,1.88,1.63,9.63,5.9,0.13,0.63,17,1.6,9.6,86.7%,5.1,,,,0,,,,,1.63,5.9,9.63,1,0
287,Brandon Powell,LAR,27,WR,8,1,1.38,1.25,9.25,7.4,0,0.38,16,1.3,9.3,90.9%,6.7,0.88,0.25,0,0.13,11,0.3,0.3,0.9,2.13,4.5,9.5,0,0.13
288,Samori Toure,GNB,24,WR,3,1,3,1.33,25,18.8,0.33,0.67,37,1.3,25,44.4%,8.3,,,,0,,,,,1.33,18.8,25,1,0.33
289,Michael Bandy,LAC,25,WR,5,1,3.6,1.8,14.8,8.2,0,0.8,25,1.8,14.8,50.0%,4.1,,,,0,,,,,1.8,8.2,14.8,0,0
290,Kevin White,NOR,30,WR,4,1,0.75,0.5,18.5,37,0,0.5,64,0.5,18.5,66.7%,24.7,,,,0,,,,,0.5,37,18.5,0,0
291,Boston Scott,PHI,27,RB,6,0,0.17,0.17,0.33,2,0,0,2,0.2,0.3,100.0%,2,4,11.8,0.17,0.67,16,3,11.8,4,4.17,2.9,12.2,1,0
292,Cedrick Wilson Jr.,MIA,27,WR,8,0,1.25,0.75,7.88,10.5,0,0.38,14,0.8,7.9,60.0%,6.3,0.13,1,0,0,8,8,1,0.1,0.88,10.1,8.88,0,0
293,Tevin Coleman,SFO,29,RB,4,0,0.75,0.75,11,14.7,0.25,0.5,30,0.8,11,100.0%,14.7,3,6.5,0.25,0.5,14,2.2,6.5,3,3.75,4.7,17.5,2,0
294,Patrick Ricard,BAL,28,FB,9,8,1,0.89,6.67,7.5,0,0.11,19,0.9,6.7,88.9%,6.7,0.44,1.11,0,0.33,5,2.5,1.1,0.4,1.33,5.8,7.78,0,0
295,Zach Wilson,NYJ,23,QB,6,6,0.17,0.17,0.33,2,0.17,0.17,2,0.2,0.3,100.0%,2,3.5,11.3,0.17,0.83,18,3.2,11.3,3.5,3.67,3.2,11.7,2,0.17
296,D'Wayne Eskridge,SEA,25,WR,9,0,1.44,0.78,6.44,8.3,0,0.44,16,0.8,6.4,53.8%,4.5,0.22,1.11,0,0,6,5,1.1,0.2,1,7.6,7.56,0,0
297,Jake Ferguson,DAL,23,TE,8,5,1.5,1.13,8.5,7.6,0.25,0.5,22,1.1,8.5,75.0%,5.7,,,,0,,,,,1.13,7.6,8.5,2,0
298,Phillip Lindsay,IND,28,RB,3,0,2.67,2,6.33,3.2,0,0,7,2,6.3,75.0%,2.4,5,16.3,0,0.33,15,3.3,16.3,5,7,3.2,22.7,0,0
299,Giovanni Ricci,CAR,26,FB,10,3,0.8,0.7,6.8,9.7,0,0.2,16,0.7,6.8,87.5%,8.5,,,,0,,,,,0.7,9.7,6.8,0,0
300,Malik Willis,TEN,23,QB,4,2,0,0,0,,0,0,0,0,0,0.0%,,4.25,17,0,0.5,17,4,17,4.3,4.25,4,17,0,0.25
301,Derek Carr,LVR,31,QB,8,8,0,0,0,,0,0,0,0,0,0.0%,,1.88,8.38,0,0.88,20,4.5,8.4,1.9,1.88,4.5,8.38,0,0.38
302,Connor Heyward,PIT,23,TE,8,0,0.75,0.63,8.38,13.4,0,0.25,45,0.6,8.4,83.3%,11.2,,,,0,,,,,0.63,13.4,8.38,0,0
303,Trey Lance,SFO,22,QB,2,2,0,0,0,,0,0,0,0,0,0.0%,,8,33.5,0,3.5,13,4.2,33.5,8,8,4.2,33.5,0,0.5
304,Quintin Morris,BUF,23,TE,7,1,1.29,0.86,9.57,11.2,0,0.57,26,0.9,9.6,66.7%,7.4,,,,0,,,,,0.86,11.2,9.57,0,0.14
305,Ameer Abdullah,LVR,29,RB,8,0,1.5,1,8.25,8.3,0,0.13,23,1,8.3,66.7%,5.5,,,,0,,,,,1,8.3,8.25,0,0
306,Velus Jones Jr.,CHI,25,WR,5,0,1,0.6,4.8,8,0.2,0.4,10,0.6,4.8,60.0%,4.8,0.6,8.2,0,0.6,18,13.7,8.2,0.6,1.2,10.8,13,1,0.4
307,Jalen Guyton,LAC,25,WR,3,0,1.33,0.67,21.3,32,0,0.67,54,0.7,21.3,50.0%,16,,,,0,,,,,0.67,32,21.3,0,0
308,Jake Kumerow,BUF,30,WR,5,1,1.4,0.8,12.8,16,0,0.8,39,0.8,12.8,57.1%,9.1,,,,0,,,,,0.8,16,12.8,0,0
309,Tutu Atwell,LAR,23,WR,5,0,0.8,0.2,10.8,54,0,0.2,54,0.2,10.8,25.0%,13.5,0.2,1.8,0,0,9,9,1.8,0.2,0.4,31.5,12.6,0,0
310,Marcus Johnson,NYG,28,WR,5,4,3.2,1.2,12.6,10.5,0,0.6,18,1.2,12.6,37.5%,3.9,,,,0,,,,,1.2,10.5,12.6,0,0
311,Dare Ogunbowale,HOU,28,RB,8,0,1,0.75,6.75,9,0,0.25,23,0.8,6.8,75.0%,6.8,0.13,1,0,0.13,8,8,1,0.1,0.88,8.9,7.75,0,0
312,Jamison Crowder,BUF,29,WR,4,0,3.25,1.5,15,10,0,1,16,1.5,15,46.2%,4.6,,,,0,,,,,1.5,10,15,0,0.25
313,Aaron Rodgers,GNB,39,QB,9,9,0,0,0,,0,0,0,0,0,0.0%,,1.56,6.67,0,0.44,18,4.3,6.7,1.6,1.56,4.3,6.67,0,0.67
314,Mike Strachan,IND,25,WR,9,0,0.89,0.33,6.56,19.7,0,0.33,23,0.3,6.6,37.5%,7.4,,,,0,,,,,0.33,19.7,6.56,0,0
315,Andrew Beck,DEN,26,FB,8,4,0.75,0.38,7.38,19.7,0,0.25,27,0.4,7.4,50.0%,9.8,0.13,-0.13,0,0,-1,-1,-0.1,0.1,0.5,14.5,7.25,0,0
316,Cam Sims,WAS,26,WR,9,2,1.33,0.56,6.44,11.6,0,0.33,21,0.6,6.4,41.7%,4.8,,,,0,,,,,0.56,11.6,6.44,0,0
317,Malcolm Brown,LAR,29,RB,5,0,0.4,0.4,4.6,11.5,0,0.4,13,0.4,4.6,100.0%,11.5,2.8,6.8,0,0,10,2.4,6.8,2.8,3.2,3.6,11.4,0,0
318,Reggie Gilliam,BUF,25,FB,8,2,1.13,0.88,7.13,8.1,0.13,0.38,14,0.9,7.1,77.8%,6.3,,,,0,,,,,0.88,8.1,7.13,1,0
319,Jeff Smith,NYJ,25,WR,9,0,0.67,0.44,6.33,14.3,0,0.33,23,0.4,6.3,66.7%,9.5,,,,0,,,,,0.44,14.3,6.33,0,0
320,A.J. Green,ARI,34,WR,7,4,3.29,1.43,8,5.6,0,0.57,10,1.4,8,43.5%,2.4,,,,0,,,,,1.43,5.6,8,0,0
321,Trestan Ebner,CHI,23,RB,9,0,0.44,0.22,0.89,4,0,0,6,0.2,0.9,50.0%,2,2,5.11,0,0.22,11,2.6,5.1,2,2.22,2.7,6,0,0.22
322,Sam Ehlinger,IND,24,QB,2,2,0,0,0,,0,0,0,0,0,0.0%,,5.5,27,0,1.5,19,4.9,27,5.5,5.5,4.9,27,0,0.5
323,Cody Hollister,TEN,29,WR,8,3,0.63,0.38,6.75,18,0,0.25,27,0.4,6.8,60.0%,10.8,,,,0,,,,,0.38,18,6.75,0,0
324,Jonathan Williams,WAS,28,RB,6,0,0,0,0,,0,0,0,0,0,0.0%,,1,9,0,0.5,23,9,9,1,1,9,9,0,0
325,Spencer Brown,CAR,24,RB,2,0,2,1,5,5,0,0,9,1,5,50.0%,2.5,4.5,21.5,0,0.5,7,4.8,21.5,4.5,5.5,4.8,26.5,0,0
326,Donald Parham,LAC,25,TE,2,0,2,1.5,26.5,17.7,0,1,24,1.5,26.5,75.0%,13.3,,,,0,,,,,1.5,17.7,26.5,0,0
327,James Proche,BAL,26,WR,7,0,1.14,0.86,7.57,8.8,0,0.43,12,0.9,7.6,75.0%,6.6,,,,0,,,,,0.86,8.8,7.57,0,0
328,Trenton Irwin,CIN,27,WR,2,0,2,1.5,20.5,13.7,0,1,18,1.5,20.5,75.0%,10.3,0.5,5.5,0,0.5,11,11,5.5,0.5,2,13,26,0,0
329,Ko Kieft,TAM,24,TE,9,6,0.56,0.44,5.78,13,0,0.22,19,0.4,5.8,80.0%,10.4,,,,0,,,,,0.44,13,5.78,0,0
330,Josh Oliver,BAL,25,TE,9,3,1.22,0.67,5.78,8.7,0.11,0.33,19,0.7,5.8,54.5%,4.7,,,,0,,,,,0.67,8.7,5.78,1,0
331,Durham Smythe,MIA,27,TE,8,8,1.13,0.75,6.25,8.3,0,0.38,14,0.8,6.3,66.7%,5.6,0.13,0.13,0.13,0.13,1,1,0.1,0.1,0.88,7.3,6.38,1,0
332,Taylor Heinicke,WAS,29,QB,3,3,0,0,0,,0,0,0,0,0,0.0%,,4,16.7,0.33,0.67,9,4.2,16.7,4,4,4.2,16.7,1,0
333,Parker Hesse,ATL,27,TE,10,3,0.6,0.5,5,10,0,0.4,22,0.5,5,83.3%,8.3,,,,0,,,,,0.5,10,5,0,0
334,Justin Jackson,DET,26,RB,8,0,0.38,0.25,0.5,2,0.13,0.13,2,0.3,0.5,66.7%,1.3,1.5,5.75,0,0.25,11,3.8,5.8,1.5,1.75,3.6,6.25,1,0
335,Albert Okwuegbunam,DEN,24,TE,5,0,2.2,1.4,10,7.1,0,0.4,12,1.4,10,63.6%,4.5,,,,0,,,,,1.4,7.1,10,0,0
336,Ronnie Rivers,LAR,23,RB,3,1,1.67,1.67,9.67,5.8,0,0.33,14,1.7,9.7,100.0%,5.8,3,7,0,0.33,5,2.3,7,3,4.67,3.6,16.7,0,0
337,Amari Rodgers,GNB,23,WR,9,0,0.89,0.44,5.56,12.5,0,0.33,22,0.4,5.6,50.0%,6.3,,,,0,,,,,0.44,12.5,5.56,0,0.44
338,Hassan Haskins,TEN,23,RB,8,0,0.38,0.38,0.88,2.3,0,0,5,0.4,0.9,100.0%,2.3,1.25,5.25,0,0.25,9,4.2,5.3,1.3,1.63,3.8,6.13,0,0
339,Mitchell Wilcox,CIN,26,TE,9,0,0.67,0.67,5.22,7.8,0,0.11,18,0.7,5.2,100.0%,7.8,,,,0,,,,,0.67,7.8,5.22,0,0
340,Keaontay Ingram,ARI,23,RB,4,0,0.5,0.5,5.75,11.5,0,0.25,24,0.5,5.8,100.0%,11.5,3.25,5.75,0.25,0.5,11,1.8,5.8,3.3,3.75,3.1,11.5,1,0
341,Stephen Sullivan,CAR,26,TE,7,0,0.43,0.29,6.57,23,0,0.29,33,0.3,6.6,66.7%,15.3,,,,0,,,,,0.29,23,6.57,0,0
342,Dak Prescott,DAL,29,QB,3,3,0,0,0,,0,0,0,0,0,0.0%,,3.33,15,0.33,1,25,4.5,15,3.3,3.33,4.5,15,1,0
343,Dwayne Washington,NOR,28,RB,8,0,0.13,0.13,0.88,7,0,0,7,0.1,0.9,100.0%,7,1.38,4.75,0,0.25,8,3.5,4.8,1.4,1.5,3.8,5.63,0,0
344,N'Keal Harry,CHI,25,WR,3,0,1.67,1.33,14.7,11,0.33,0.67,17,1.3,14.7,80.0%,8.8,,,,0,,,,,1.33,11,14.7,1,0
345,Alec Ingold,MIA,26,FB,9,8,0.89,0.67,4.22,6.3,0,0.11,13,0.7,4.2,75.0%,4.8,0.56,0.67,0.11,0.44,2,1.2,0.7,0.6,1.22,4,4.89,1,0
346,Justin Herbert,LAC,24,QB,8,8,0.13,0.13,-1,-8,0,0,-8,0.1,-1,100.0%,-8,2.75,6.38,0,0.5,14,2.3,6.4,2.8,2.88,1.9,5.38,0,0.25
347,Geoff Swaim,TEN,29,TE,8,7,1.13,0.88,5.38,6.1,0.13,0.38,13,0.9,5.4,77.8%,4.8,,,,0,,,,,0.88,6.1,5.38,1,0
348,Keelan Cole,LVR,29,WR,5,1,1.8,0.6,8.4,14,0,0.6,18,0.6,8.4,33.3%,4.7,,,,0,,,,,0.6,14,8.4,0,0
349,Chris Myarick,NYG,27,FB,8,7,0.75,0.75,5.25,7,0.13,0.5,11,0.8,5.3,100.0%,7,,,,0,,,,,0.75,7,5.25,1,0
350,Malik Davis,DAL,24,RB,3,0,0.67,0.67,6,9,0,0.67,10,0.7,6,100.0%,9,2.67,7.67,0,0,8,2.9,7.7,2.7,3.33,4.1,13.7,0,0
351,Isaiah Hodgins,BUF,24,WR,2,0,3,2,20.5,10.3,0,1,26,2,20.5,66.7%,6.8,,,,0,,,,,2,10.3,20.5,0,0
352,Elijah Mitchell,SFO,24,RB,1,1,0,0,0,,0,0,0,0,0,0.0%,,6,41,0,2,16,6.8,41,6,6,6.8,41,0,0
353,Grant Calcaterra,PHI,24,TE,6,1,0.17,0.17,6.67,40,0,0.17,40,0.2,6.7,100.0%,40,,,,0,,,,,0.17,40,6.67,0,0
354,Baker Mayfield,CAR,27,QB,6,5,0,0,0,,0,0,0,0,0,0.0%,,2.33,6.67,0.17,0.67,17,2.9,6.7,2.3,2.33,2.9,6.67,1,1
355,Anthony Firkser,ATL,27,TE,5,1,0.8,0.6,7.8,13,0,0.4,22,0.6,7.8,75.0%,9.8,,,,0,,,,,0.6,13,7.8,0,0
356,Anthony Schwartz,CLE,22,WR,7,0,0.86,0.14,2.71,19,0,0.14,19,0.1,2.7,16.7%,3.2,0.29,2.86,0,0.14,15,10,2.9,0.3,0.43,13,5.57,0,0
357,P.J. Walker,CAR,27,QB,6,5,0,0,0,,0,0,0,0,0,0.0%,,1,6.5,0,0.5,20,6.5,6.5,1,1,6.5,6.5,0,0
358,Kirk Cousins,MIN,34,QB,8,8,0,0,0,,0,0,0,0,0,0.0%,,1.88,4.75,0.25,0.75,17,2.5,4.8,1.9,1.88,2.5,4.75,2,0.25
359,Jack Stoll,PHI,24,TE,8,5,0.75,0.38,4.75,12.7,0,0.25,21,0.4,4.8,50.0%,6.3,,,,0,,,,,0.38,12.7,4.75,0,0
360,Mike Thomas,CIN,28,WR,9,2,1,0.22,4.22,19,0,0.11,33,0.2,4.2,22.2%,4.2,,,,0,,,,,0.22,19,4.22,0,0
361,Tyrion Davis-Price,SFO,22,RB,3,0,0.67,0,0,,0,0,0,0,0,0.0%,0,5.33,12.3,0,0.67,20,2.3,12.3,5.3,5.33,2.3,12.3,0,0
362,Dax Milne,WAS,23,WR,9,1,0.78,0.67,4.11,6.2,0.11,0.22,12,0.7,4.1,85.7%,5.3,,,,0,,,,,0.67,6.2,4.11,1,0
363,Trent Taylor,CIN,28,WR,9,1,0.33,0.33,2.11,6.3,0,0,9,0.3,2.1,100.0%,6.3,0.33,2,0,0,9,6,2,0.3,0.67,6.2,4.11,0,0.22
364,Eric Tomlinson,DEN,30,TE,8,7,0.63,0.38,4.63,12.3,0,0.25,16,0.4,4.6,60.0%,7.4,,,,0,,,,,0.38,12.3,4.63,0,0
365,Ty Johnson,NYJ,25,RB,9,0,0.67,0.22,1.11,5,0,0,6,0.2,1.1,33.3%,1.7,0.56,2.89,0,0,12,5.2,2.9,0.6,0.78,5.1,4,0,0
366,Kendall Blanton,LAR,27,TE,4,0,0.5,0.5,8.75,17.5,0,0.25,28,0.5,8.8,100.0%,17.5,,,,0,,,,,0.5,17.5,8.75,0,0
367,Tua Tagovailoa,MIA,24,QB,7,7,0,0,0,,0,0,0,0,0,0.0%,,2.57,5,0,0.29,18,1.9,5,2.6,2.57,1.9,5,0,0.29
368,Kadarius Toney,2TM,23,,3,2,1.67,1.33,4,3,0,0.33,10,1.3,4,80.0%,2.4,0.67,7.67,0,0.33,19,11.5,7.7,0.7,2,5.8,11.7,0,0
369,Montrell Washington,DEN,23,WR,8,0,0.5,0.38,0.63,1.7,0,0,4,0.4,0.6,75.0%,1.3,0.38,3.75,0,0,19,10,3.8,0.4,0.75,5.8,4.38,0,0.38
370,Jared Goff,DET,28,QB,8,8,0.13,0.13,0.63,5,0,0,5,0.1,0.6,100.0%,5,1.63,3.63,0,0.13,10,2.2,3.6,1.6,1.75,2.4,4.25,0,0.5
371,Andy Dalton,NOR,35,QB,6,6,0,0,0,,0,0,0,0,0,0.0%,,2.33,5.5,0,0.67,14,2.4,5.5,2.3,2.33,2.4,5.5,0,0.17
372,Myles Gaskin,MIA,25,RB,2,0,2.5,1.5,12,8,0,0,16,1.5,12,60.0%,4.8,2,4.5,0,0.5,6,2.3,4.5,2,3.5,4.7,16.5,0,0
373,Byron Pringle,CHI,29,WR,3,1,1,0.67,11,16.5,0,0.67,22,0.7,11,66.7%,11,,,,0,,,,,0.67,16.5,11,0,0
374,Brevin Jordan,HOU,22,TE,5,1,3.4,1.2,6.4,5.3,0,0.4,16,1.2,6.4,35.3%,1.9,,,,0,,,,,1.2,5.3,6.4,0,0
375,Chris Evans,CIN,25,RB,9,0,0.33,0.22,3.33,15,0,0.11,26,0.2,3.3,66.7%,10,,,,0,,,,,0.22,15,3.33,0,0
376,Tyrod Taylor,NYG,33,QB,1,0,0,0,0,,0,0,0,0,0,0.0%,,3,30,0,3,13,10,30,3,3,10,30,0,1
377,Ryan Tannehill,TEN,34,QB,6,6,0,0,0,,0,0,0,0,0,0.0%,,3.17,4.83,0.17,0.83,9,1.5,4.8,3.2,3.17,1.5,4.83,1,0.33
378,Mitchell Trubisky,PIT,28,QB,5,4,0,0,0,,0,0,0,0,0,0.0%,,2.6,5.8,0.2,0.6,9,2.2,5.8,2.6,2.6,2.2,5.8,1,0
379,Tyrie Cleveland,DEN,25,WR,5,0,0.8,0.4,5.6,14,0,0.2,16,0.4,5.6,50.0%,7,,,,0,,,,,0.4,14,5.6,0,0
380,Jaelon Darden,TAM,23,WR,9,0,0.22,0.22,2.89,13,0,0.11,25,0.2,2.9,100.0%,13,0.11,0.22,0,0,2,2,0.2,0.1,0.33,9.3,3.11,0,0
381,Tre' McKitty,LAC,23,TE,8,4,0.88,0.5,3.5,7,0,0,12,0.5,3.5,57.1%,4,,,,0,,,,,0.5,7,3.5,0,0.13
382,Davis Mills,HOU,24,QB,8,8,0,0,0,,0,0,0,0,0,0.0%,,1.5,3.5,0,0.13,8,2.3,3.5,1.5,1.5,2.3,3.5,0,0.5
383,Jordan Wilkins,IND,28,RB,1,0,5,4,15,3.8,0,0,9,4,15,80.0%,3,3,13,0,1,5,4.3,13,3,7,4,28,0,0
384,Tim Jones,JAX,24,WR,9,1,0.33,0.22,3,13.5,0,0.11,20,0.2,3,66.7%,9,,,,0,,,,,0.22,13.5,3,0,0
385,Jalen Reagor,MIN,23,WR,8,0,0.63,0.38,1.25,3.3,0.13,0.13,7,0.4,1.3,60.0%,2,0.13,2.13,0,0.13,17,17,2.1,0.1,0.5,6.8,3.38,1,0.25
386,Tyler Davis,GNB,25,TE,9,1,0.67,0.44,2.89,6.5,0,0.11,23,0.4,2.9,66.7%,4.3,,,,0,,,,,0.44,6.5,2.89,0,0
387,Ben Ellefson,MIN,26,TE,4,1,0.75,0.75,6.5,8.7,0,0.5,12,0.8,6.5,100.0%,8.7,,,,0,,,,,0.75,8.7,6.5,0,0
388,Luke Farrell,JAX,25,TE,9,0,0.22,0.22,2.89,13,0,0.22,15,0.2,2.9,100.0%,13,,,,0,,,,,0.22,13,2.89,0,0
389,D'Ernest Johnson,CLE,26,RB,6,0,0.33,0.33,1.5,4.5,0,0,7,0.3,1.5,100.0%,4.5,0.67,2.83,0,0.17,7,4.3,2.8,0.7,1,4.3,4.33,0,0
390,Andre Baccellia,ARI,25,WR,5,0,1.2,0.8,5,6.3,0,0.4,11,0.8,5,66.7%,4.2,,,,0,,,,,0.8,6.3,5,0,0
391,Mike Davis,BAL,29,RB,7,0,0.14,0.14,1,7,0,0,7,0.1,1,100.0%,7,1.14,2.57,0,0.14,10,2.3,2.6,1.1,1.29,2.8,3.57,0,0.14
392,Simi Fehoko,DAL,25,WR,5,0,0.8,0.6,4.8,8,0,0.2,12,0.6,4.8,75.0%,6,,,,0,,,,,0.6,8,4.8,0,0
393,Ryan Griffin,CHI,32,TE,7,0,0.86,0.43,3.43,8,0,0.14,18,0.4,3.4,50.0%,4,,,,0,,,,,0.43,8,3.43,0,0
394,C.J. Ham,MIN,29,FB,8,1,0.63,0.38,2.63,7,0,0.25,12,0.4,2.6,60.0%,4.2,0.13,0.38,0,0.13,3,3,0.4,0.1,0.5,6,3,0,0
395,Trey McBride,ARI,23,TE,8,5,0.38,0.38,3,8,0,0.13,11,0.4,3,100.0%,8,,,,0,,,,,0.38,8,3,0,0
396,Dezmon Patmon,IND,24,WR,1,0,6,2,24,12,0,1,17,2,24,33.3%,4,,,,0,,,,,2,12,24,0,0
397,Isaiah Spiller,LAC,21,RB,2,0,0,0,0,,0,0,0,0,0,0.0%,,4,12,0,0.5,7,3,12,4,4,3,12,0,0
398,Jimmy Garoppolo,SFO,31,QB,7,6,0,0,0,,0,0,0,0,0,0.0%,,1.86,3.29,0.14,1.14,6,1.8,3.3,1.9,1.86,1.8,3.29,1,0.43
399,Cole Turner,WAS,22,TE,3,2,2.33,0.67,7.67,11.5,0,0.33,18,0.7,7.7,28.6%,3.3,,,,0,,,,,0.67,11.5,7.67,0,0
400,Trevon Wesco,CHI,27,TE,8,1,0.25,0.13,2.88,23,0,0.13,23,0.1,2.9,50.0%,11.5,,,,0,,,,,0.13,23,2.88,0,0
401,Kenny Golladay,NYG,29,WR,4,2,1.5,0.5,5.5,11,0,0.25,15,0.5,5.5,33.3%,3.7,,,,0,,,,,0.5,11,5.5,0,0
402,James Mitchell,DET,23,TE,5,0,0.6,0.6,4.4,7.3,0.2,0.6,14,0.6,4.4,100.0%,7.3,,,,0,,,,,0.6,7.3,4.4,1,0
403,Teddy Bridgewater,MIA,30,QB,4,1,0,0,0,,0,0,0,0,0,0.0%,,0.5,5.25,0,0.5,11,10.5,5.3,0.5,0.5,10.5,5.25,0,0
404,Andy Isabella,ARI,26,WR,3,0,1.67,0.67,7,10.5,0,0.67,11,0.7,7,40.0%,4.2,,,,0,,,,,0.67,10.5,7,0,0
405,Marcedes Lewis,GNB,38,TE,9,9,0.22,0.22,2.33,10.5,0.11,0.22,19,0.2,2.3,100.0%,10.5,,,,0,,,,,0.22,10.5,2.33,1,0
406,Chris Manhertz,JAX,30,TE,9,6,0.67,0.56,2.33,4.2,0,0.11,12,0.6,2.3,83.3%,3.5,,,,0,,,,,0.56,4.2,2.33,0,0
407,Tylan Wallace,BAL,23,WR,6,0,1,0.5,3.5,7,0,0,9,0.5,3.5,50.0%,3.5,,,,0,,,,,0.5,7,3.5,0,0
408,Michael Woods II,CLE,22,WR,3,0,1.33,0.67,7,10.5,0,0.67,15,0.7,7,50.0%,5.3,,,,0,,,,,0.67,10.5,7,0,0
409,Lil'Jordan Humphrey,NWE,24,WR,6,2,0.67,0.33,3.33,10,0,0,11,0.3,3.3,50.0%,5,,,,0,,,,,0.33,10,3.33,0,0
410,Tony Jones,2TM,25,,4,0,0.5,0.5,3,6,0,0,7,0.5,3,100.0%,6,0.5,2,0,0,6,4,2,0.5,1,5,5,0,0
411,Trace McSorley,ARI,27,QB,1,0,0,0,0,,0,0,0,0,0,0.0%,,3,20,0,1,14,6.7,20,3,3,6.7,20,0,0
412,Kyle Rudolph,TAM,33,TE,5,0,0.8,0.4,4,10,0,0.2,12,0.4,4,50.0%,5,,,,0,,,,,0.4,10,4,0,0
413,DJ Turner,LVR,25,WR,4,0,0,0,0,,0,0,0,0,0,0.0%,,0.75,5,0,0.25,18,6.7,5,0.8,0.75,6.7,5,0,0.25
414,Zamir White,LVR,23,RB,8,0,0,0,0,,0,0,0,0,0,0.0%,,0.75,2.5,0,0.13,22,3.3,2.5,0.8,0.75,3.3,2.5,0,0
415,Gary Brightwell,NYG,23,RB,8,0,0,0,0,,0,0,0,0,0,0.0%,,0.5,2.38,0.13,0.25,14,4.8,2.4,0.5,0.5,4.8,2.38,1,0
416,Michael Burton,KAN,30,FB,8,0,0.38,0.25,1.38,5.5,0,0,9,0.3,1.4,66.7%,3.7,0.38,1,0,0.25,6,2.7,1,0.4,0.63,3.8,2.38,0,0
417,Jody Fortson,KAN,27,TE,7,0,0.71,0.43,2.71,6.3,0.29,0.43,10,0.4,2.7,60.0%,3.8,,,,0,,,,,0.43,6.3,2.71,2,0
418,Jesper Horsted,LVR,25,TE,8,0,0.5,0.38,2.38,6.3,0,0,9,0.4,2.4,75.0%,4.8,,,,0,,,,,0.38,6.3,2.38,0,0
419,Trey Sermon,PHI,23,RB,2,0,0,0,0,,0,0,0,0,0,0.0%,,1,9.5,0,1,14,9.5,9.5,1,1,9.5,9.5,0,0
420,Keith Kirkwood,NOR,28,WR,2,1,1,1,9,9,0,0.5,14,1,9,100.0%,9,,,,0,,,,,1,9,9,0,0
421,Gunner Olszewski,PIT,26,WR,7,0,0,0,0,,0,0,0,0,0,0.0%,,0.29,2.57,0,0.14,18,9,2.6,0.3,0.29,9,2.57,0,0.29
422,Cole Beasley,TAM,33,WR,2,0,2.5,2,8.5,4.3,0,0.5,5,2,8.5,80.0%,3.4,,,,0,,,,,2,4.3,8.5,0,0
423,Braylon Sanders,MIA,23,WR,1,0,2,2,17,8.5,0,0,13,2,17,100.0%,8.5,,,,0,,,,,2,8.5,17,0,1
424,J.J. Taylor,NWE,24,RB,1,0,1,1,8,8,0,0,8,1,8,100.0%,8,10,9,0,0,5,0.9,9,10,11,1.5,17,0,0
425,KaVontae Turpin,DAL,26,WR,8,0,0.13,0,0,,0,0,0,0,0,0.0%,0,0.38,2.13,0,0.13,11,5.7,2.1,0.4,0.38,5.7,2.13,0,0
426,Juwann Winfree,GNB,26,WR,3,0,1.33,0.33,5.67,17,0,0.33,17,0.3,5.7,25.0%,4.3,,,,0,,,,,0.33,17,5.67,0,0
427,Dennis Houston,DAL,23,WR,2,0,3,1,8,8,0,0,11,1,8,33.3%,2.7,,,,0,,,,,1,8,8,0,0
428,DeSean Jackson,BAL,36,WR,1,1,2,1,16,16,0,1,16,1,16,50.0%,8,,,,0,,,,,1,16,16,0,0
429,Jameis Winston,NOR,28,QB,3,3,0,0,0,,0,0,0,0,0,0.0%,,1.67,5.33,0,0,6,3.2,5.3,1.7,1.67,3.2,5.33,0,1
430,Quintez Cephus,DET,24,WR,4,1,0.75,0.5,3.75,7.5,0,0.25,9,0.5,3.8,66.7%,5,,,,0,,,,,0.5,7.5,3.75,0,0
431,Jeff Driskel,HOU,29,QB,2,0,0,0,0,,0,0,0,0,0,0.0%,,1,7.5,0,1,10,7.5,7.5,1,1,7.5,7.5,0,0
432,Bryan Edwards,ATL,24,WR,7,1,0.71,0.43,2.14,5,0,0,10,0.4,2.1,60.0%,3,,,,0,,,,,0.43,5,2.14,0,0
433,Penny Hart,SEA,26,WR,6,0,0.17,0.17,2.5,15,0,0.17,15,0.2,2.5,100.0%,15,,,,0,,,,,0.17,15,2.5,0,0
434,Tyler Kroft,SFO,30,TE,3,2,1,0.67,5,7.5,0,0,9,0.7,5,66.7%,5,,,,0,,,,,0.67,7.5,5,0,0
435,Steven Sims,PIT,25,WR,3,0,1,0.67,-0.33,-0.5,0,0,2,0.7,-0.3,66.7%,-0.3,1,5.33,0,0.33,11,5.3,5.3,1,1.67,3,5,0,0
436,MyCole Pruitt,ATL,30,TE,6,1,0.5,0.5,2.33,4.7,0.17,0.33,6,0.5,2.3,100.0%,4.7,,,,0,,,,,0.5,4.7,2.33,1,0
437,Ihmir Smith-Marsette,CHI,23,WR,6,0,0.67,0.17,2.5,15,0,0,15,0.2,2.5,25.0%,3.8,0.17,-0.17,0,0,-1,-1,-0.2,0.2,0.33,7,2.33,0,0.17
438,River Cracraft,MIA,28,WR,7,0,0.86,0.29,1.86,6.5,0.29,0.29,11,0.3,1.9,33.3%,2.2,,,,0,,,,,0.29,6.5,1.86,2,0
439,Deonte Harty,NOR,25,WR,4,0,0.5,0.5,3.25,6.5,0,0,9,0.5,3.3,100.0%,6.5,,,,0,,,,,0.5,6.5,3.25,0,0.25
440,Ty Montgomery,NWE,29,WR,1,0,4,3,15,5,1,1,7,3,15,75.0%,3.8,2,-2,0,0,0,-1,-2,2,5,2.6,13,1,0
441,C.J. Moore,DET,27,S,2,0,0,0,0,,0,0,0,0,0,0.0%,,0.5,6.5,0,0.5,13,13,6.5,0.5,0.5,13,6.5,0,0
442,Jalen Nailor,MIN,23,WR,6,0,0.17,0.17,2.17,13,0,0.17,13,0.2,2.2,100.0%,13,,,,0,,,,,0.17,13,2.17,0,0
443,Nick Vannett,NOR,29,TE,3,0,0.67,0.67,4.33,6.5,0,0,8,0.7,4.3,100.0%,6.5,,,,0,,,,,0.67,6.5,4.33,0,0
444,Jake Gervase,LAR,27,LB,8,0,0.13,0.13,1.5,12,0,0.13,12,0.1,1.5,100.0%,12,,,,0,,,,,0.13,12,1.5,0,0
445,Troy Hairston,HOU,24,FB,8,3,0.5,0.38,1.5,4,0,0,5,0.4,1.5,75.0%,3,,,,0,,,,,0.38,4,1.5,0,0
446,Zander Horvath,LAC,24,FB,8,1,0.88,0.5,0.88,1.8,0.25,0.25,5,0.5,0.9,57.1%,1,0.38,0.63,0,0.13,3,1.7,0.6,0.4,0.88,1.7,1.5,2,0
447,Miles Boykin,PIT,26,WR,8,0,0.25,0.13,1.38,11,0,0.13,11,0.1,1.4,50.0%,5.5,,,,0,,,,,0.13,11,1.38,0,0
448,Matt Ryan,IND,37,QB,7,7,0,0,0,,0,0,0,0,0,0.0%,,1.71,1.57,0,0.43,10,0.9,1.6,1.7,1.71,0.9,1.57,0,1.57
449,Sean McKeon,DAL,25,TE,4,0,0.25,0.25,2.5,10,0,0.25,10,0.3,2.5,100.0%,10,,,,0,,,,,0.25,10,2.5,0,0
450,Keith Smith,ATL,30,FB,10,3,0.2,0.1,0.8,8,0,0,8,0.1,0.8,50.0%,4,0.1,0.2,0,0.1,2,2,0.2,0.1,0.2,5,1,0,0
451,Brett Rypien,DEN,26,QB,1,1,0,0,0,,0,0,0,0,0,0.0%,,3,9,0,2,6,3,9,3,3,3,9,0,1
452,Skylar Thompson,MIA,25,QB,2,1,0,0,0,,0,0,0,0,0,0.0%,,0.5,4.5,0,0.5,9,9,4.5,0.5,0.5,9,4.5,0,0.5
453,Derek Watt,PIT,30,FB,8,2,0.38,0.38,0.88,2.3,0.13,0.13,5,0.4,0.9,100.0%,2.3,0.13,0.25,0,0.13,2,2,0.3,0.1,0.5,2.3,1.13,1,0
454,Tyron Johnson,2TM,26,,4,1,0.25,0.25,2,8,0,0,8,0.3,2,100.0%,8,,,,0,,,,,0.25,8,2,0,0
455,Maurice Alexander,DET,25,WR,4,0,0.25,0.25,1.75,7,0,0,7,0.3,1.8,100.0%,7,,,,0,,,,,0.25,7,1.75,0,0
456,Jalen Camp,HOU,24,WR,1,0,1,1,7,7,0,1,7,1,7,100.0%,7,,,,0,,,,,1,7,7,0,0
457,Kylin Hill,GNB,24,RB,1,0,0,0,0,,0,0,0,0,0,0.0%,,1,7,0,1,7,7,7,1,1,7,7,0,0
458,Jordan Mason,SFO,23,RB,7,0,0,0,0,,0,0,0,0,0,0.0%,,0.14,1,0,0,7,7,1,0.1,0.14,7,1,0,0
459,Tommy Sweeney,BUF,27,TE,3,0,0.33,0.33,2.33,7,0,0.33,7,0.3,2.3,100.0%,7,,,,0,,,,,0.33,7,2.33,0,0
460,Joe Flacco,NYJ,37,QB,3,3,0,0,0,,0,0,0,0,0,0.0%,,1,2,0,0.33,7,2,2,1,1,2,2,0,1.33
461,Jakob Johnson,LVR,28,FB,8,5,0.25,0.25,0.75,3,0,0,5,0.3,0.8,100.0%,3,,,,0,,,,,0.25,3,0.75,0,0
462,Cooper Rush,DAL,29,QB,6,5,0,0,0,,0,0,0,0,0,0.0%,,1.5,1,0,0.17,6,0.7,1,1.5,1.5,0.7,1,0,0.33
463,Mason Schreck,HOU,29,TE,2,1,1,1,3,3,0,0,6,1,3,100.0%,3,,,,0,,,,,1,3,3,0,0
464,Kevin Harris,NWE,22,RB,1,0,0,0,0,,0,0,0,0,0,0.0%,,3,5,0,0,3,1.7,5,3,3,1.7,5,0,0
465,Jason Moore,LAC,27,WR,5,0,0.4,0.2,1,5,0,0,5,0.2,1,50.0%,2.5,,,,0,,,,,0.2,5,1,0,0
466,Matthew Stafford,LAR,34,QB,8,8,0,0,0,,0,0,0,0,0,0.0%,,1.5,0.63,0.13,0.38,4,0.4,0.6,1.5,1.5,0.4,0.63,1,0.63
467,Pierre Strong,NWE,24,RB,7,0,0,0,0,,0,0,0,0,0,0.0%,,0.14,0.71,0,0,5,5,0.7,0.1,0.14,5,0.71,0,0
468,Marcus Allen,PIT,26,LB,8,0,0,0,0,,0,0,0,0,0,0.0%,,0.13,0.5,0,0.13,4,4,0.5,0.1,0.13,4,0.5,0,0
469,Jalen Tolbert,DAL,23,WR,4,1,0.5,0.25,1,4,0,0,4,0.3,1,50.0%,2,,,,0,,,,,0.25,4,1,0,0
470,Ke'Shawn Vaughn,TAM,25,RB,7,0,0.14,0,0,,0,0,0,0,0,0.0%,0,0.29,0.57,0,0,5,2,0.6,0.3,0.29,2,0.57,0,0
471,Mason Kinsey,TEN,24,WR,1,0,1,1,3,3,0,0,3,1,3,100.0%,3,,,,0,,,,,1,3,3,0,0
472,M.J. Stewart,HOU,27,DB,8,0,0,0,0,,0,0,0,0,0,0.0%,,0.13,0.38,0,0.13,3,3,0.4,0.1,0.13,3,0.38,0,0
473,Salvon Ahmed,MIA,24,RB,6,0,0,0,0,,0,0,0,0,0,0.0%,,0.17,0.33,0,0,2,2,0.3,0.2,0.17,2,0.33,0,0
474,Stephen Anderson,ARI,29,TE,9,0,0.11,0.11,0.22,2,0,0,2,0.1,0.2,100.0%,2,,,,0,,,,,0.11,2,0.22,0,0
475,Ashtyn Davis,NYJ,26,S,8,0,0,0,0,,0,0,0,0,0,0.0%,,0.13,0.25,0,0.13,2,2,0.3,0.1,0.13,2,0.25,0,0
476,Devine Ozigbo,DEN,26,RB,2,0,0,0,0,,0,0,0,0,0,0.0%,,0.5,1,0,0,2,2,1,0.5,0.5,2,1,0,0
477,Adam Prentice,NOR,25,FB,3,1,0.33,0.33,0.67,2,0,0,2,0.3,0.7,100.0%,2,,,,0,,,,,0.33,2,0.67,0,0.33
478,Teagan Quitoriano,HOU,22,TE,1,0,1,1,2,2,1,1,2,1,2,100.0%,2,,,,0,,,,,1,2,2,1,0
479,Damien Williams,ATL,30,RB,1,1,0,0,0,,0,0,0,0,0,0.0%,,2,2,0,0,2,1,2,2,2,1,2,0,0
480,Shane Zylstra,DET,26,TE,4,0,0.25,0.25,0.25,1,0.25,0.25,1,0.3,0.3,100.0%,1,,,,0,,,,,0.25,1,0.25,1,0
